name,addr,city,phone,type,class
arnie morton's of chicago,435 s. la cienega blv.,los angeles,310/246-1501,american,?
arnie morton's of chicago,435 s. la cienega blvd.,?,310-246-1501,steakhouses,?
art's delicatessen,12224 ventura blvd.,?,818/762-1221,american,?
art's deli,12224 ventura blvd.,studio city,?,?,1
hotel bel-air,701 stone canyon rd.,bel air,310/472-1211,californian,2
bel-air hotel,701 stone canyon rd.,bel air,310-472-1211,?,2
cafe bizou,14016 ventura blvd.,sherman oaks,818/788-3536,french,?
cafe bizou,14016 ventura blvd.,sherman oaks,818-788-3536,french bistro,?
campanile,624 s. la brea ave.,los angeles,?,american,4
campanile,624 s. la brea ave.,los angeles,213-938-1447,californian,4
chinois on main,2709 main st.,santa monica,310/392-9025,?,5
chinois on main,2709 main st.,?,310-392-9025,pacific new wave,?
citrus,6703 melrose ave.,?,213/857-0034,?,6
citrus,6703 melrose ave.,?,213-857-0034,?,6
fenix,8358 sunset blvd. west,hollywood,213/848-6677,american,7
fenix at the argyle,8358 sunset blvd.,w. hollywood,?,french (new),?
granita,23725 w. malibu rd.,malibu,310/456-0488,?,?
granita,23725 w. malibu rd.,malibu,310-456-0488,californian,8
grill on the alley,9560 dayton way,los angeles,310/276-0615,?,9
grill  the,9560 dayton way,beverly hills,310-276-0615,american (traditional),9
restaurant katsu,1972 n. hillhurst ave.,?,?,?,?
katsu,1972 hillhurst ave.,los feliz,?,?,?
l'orangerie,903 n. la cienega blvd.,?,310/652-9770,?,11
l'orangerie,903 n. la cienega blvd.,w. hollywood,310-652-9770,?,11
le chardonnay,8284 melrose ave.,los angeles,213/655-8880,?,12
le chardonnay (los angeles),8284 melrose ave.,los angeles,?,?,12
locanda veneta,3rd st.,los angeles,310/274-1893,italian,13
locanda veneta,8638 w. third st.,los angeles,310-274-1893,?,13
matsuhisa,129 n. la cienega blvd.,beverly hills,?,asian,?
matsuhisa,129 n. la cienega blvd.,?,310-659-9639,seafood,?
the palm,9001 santa monica blvd.,?,?,american,15
palm  the (los angeles),9001 santa monica blvd.,?,?,steakhouses,15
patina,5955 melrose ave.,los angeles,213/467-1108,californian,?
patina,5955 melrose ave.,los angeles,213-467-1108,californian,16
philippe's the original,1001 n. alameda st.,los angeles,?,american,?
philippe the original,1001 n. alameda st.,chinatown,213-628-3781,?,17
pinot bistro,12969 ventura blvd.,los angeles,818/990-0500,french,18
pinot bistro,12969 ventura blvd.,studio city,?,french bistro,18
rex il ristorante,617 s. olive st.,los angeles,213/627-2300,italian,?
rex il ristorante,617 s. olive st.,los angeles,?,nuova cucina italian,19
spago,1114 horn ave.,?,310/652-4025,californian,?
spago (los angeles),8795 sunset blvd.,?,310-652-4025,californian,20
valentino,3115 pico blvd.,santa monica,310/829-4313,italian,21
valentino,3115 pico blvd.,santa monica,?,italian,?
yujean kang's gourmet chinese cuisine,67 n. raymond ave.,los angeles,818/585-0855,asian,22
yujean kang's,67 n. raymond ave.,pasadena,?,?,22
21 club,21 w. 52nd st.,new york,212/582-7200,?,23
21 club,21 w. 52nd st.,?,212-582-7200,?,23
aquavit,13 w. 54th st.,new york,?,continental,?
aquavit,13 w. 54th st.,new york city,?,scandinavian,24
aureole,34 e. 61st st.,new york,212/ 319-1660,american,25
aureole,34 e. 61st st.,new york city,212-319-1660,american (new),25
cafe lalo,201 w. 83rd st.,new york,212/496-6031,?,26
cafe lalo,201 w. 83rd st.,?,?,?,26
cafe des artistes,1 w. 67th st.,new york,212/877-3500,continental,27
cafe des artistes,1 w. 67th st.,?,212-877-3500,french (classic),27
carmine's,2450 broadway  between 90th and 91st sts.,new york,212/362-2200,?,28
carmine's,2450 broadway,?,212-362-2200,italian,28
carnegie deli,854 7th ave.  between 54th and 55th sts.,new york,?,delicatessen,29
carnegie deli,854 seventh ave.,?,?,?,29
chanterelle,2 harrison st.  near hudson st.,new york,212/966-6960,american,30
chanterelle,2 harrison st.,new york city,212-966-6960,french (new),?
daniel,20 e. 76th st.,new york,212/288-0033,french,31
daniel,20 e. 76th st.,?,212-288-0033,french (new),31
dawat,210 e. 58th st.,new york,?,asian,?
dawat,210 e. 58th st.,?,?,indian,32
felidia,243 e. 58th st.,?,212/758-1479,italian,33
felidia,243 e. 58th st.,new york city,212-758-1479,?,?
four seasons grill room,99 e. 52nd st.,new york,?,american,34
four seasons,99 e. 52nd st.,new york city,?,american (new),?
gotham bar & grill,12 e. 12th st.,new york,212/620-4020,american,35
gotham bar & grill,12 e. 12th st.,new york city,212-620-4020,american (new),?
gramercy tavern,42 e. 20th st.  between park ave. s and broadway,?,212/477-0777,american,?
gramercy tavern,42 e. 20th st.,?,212-477-0777,american (new),36
island spice,402 w. 44th st.,new york,212/765-1737,tel caribbean,37
island spice,402 w. 44th st.,?,?,caribbean,37
jo jo,160 e. 64th st.,new york,212/223-5656,american,?
jo jo,160 e. 64th st.,new york city,212-223-5656,?,38
la caravelle,33 w. 55th st.,new york,212/586-4252,french,39
la caravelle,33 w. 55th st.,new york city,212-586-4252,french (classic),39
la cote basque,60 w. 55th st.  between 5th and 6th ave.,?,212/688-6525,french,?
la cote basque,60 w. 55th st.,new york city,212-688-6525,french (classic),40
le bernardin,155 w. 51st st.,new york,?,french,41
le bernardin,155 w. 51st st.,?,212-489-1515,?,41
les celebrites,160 central park s,new york,212/484-5113,french,?
les celebrites,155 w. 58th st.,new york city,?,french (classic),42
lespinasse,2 e. 55th st.,new york,212/339-6719,american,43
lespinasse (new york city),2 e. 55th st.,new york city,212-339-6719,asian,43
lutece,249 e. 50th st.,new york,212/752-2225,french,44
lutece,249 e. 50th st.,new york city,212-752-2225,french (classic),44
manhattan ocean club,57 w. 58th st.,new york,212/ 371-7777,seafood,?
manhattan ocean club,57 w. 58th st.,new york city,212-371-7777,?,45
march,405 e. 58th st.,?,212/754-6272,?,46
march,405 e. 58th st.,?,212-754-6272,american (new),46
mesa grill,102 5th ave.  between 15th and 16th sts.,new york,212/807-7400,american,47
mesa grill,102 fifth ave.,?,212-807-7400,?,47
mi cocina,57 jane st.  off hudson st.,new york,212/627-8273,mexican,48
mi cocina,57 jane st.,new york city,?,?,48
montrachet,239 w. broadway  between walker and white sts.,new york,212/ 219-2777,?,49
montrachet,239 w. broadway,new york city,212-219-2777,french bistro,?
oceana,55 e. 54th st.,new york,212/759-5941,seafood,?
oceana,55 e. 54th st.,new york city,212-759-5941,?,50
park avenue cafe,100 e. 63rd st.,new york,212/644-1900,american,51
park avenue cafe (new york city),100 e. 63rd st.,new york city,212-644-1900,american (new),51
petrossian,182 w. 58th st.,?,?,french,52
petrossian,182 w. 58th st.,new york city,?,russian,52
picholine,35 w. 64th st.,?,212/724-8585,mediterranean,?
picholine,35 w. 64th st.,new york city,?,mediterranean,?
pisces,95 ave. a at 6th st.,new york,212/260-6660,seafood,?
pisces,95 ave. a,?,212-260-6660,seafood,?
rainbow room,30 rockefeller plaza,new york,212/632-5000,?,55
rainbow room,30 rockefeller plaza,new york city,?,american (new),55
river cafe,1 water st. at the east river,brooklyn,718/522-5200,american,56
river cafe,1 water st.,?,?,american (new),56
san domenico,240 central park s,new york,212/265-5959,italian,57
san domenico,240 central park s.,new york city,212-265-5959,italian,?
second avenue deli,156 2nd ave. at 10th st.,new york,?,?,58
second avenue deli,156 second ave.,new york city,212-677-0606,?,58
seryna,11 e. 53rd st.,?,212/980-9393,?,59
seryna,11 e. 53rd st.,new york city,212-980-9393,?,59
shun lee west,43 w. 65th st.,new york,212/371-8844,asian,60
shun lee palace,155 e. 55th st.,new york city,212-371-8844,chinese,?
sign of the dove,1110 3rd ave. at 65th st.,new york,212/861-8080,american,61
sign of the dove,1110 third ave.,?,212-861-8080,american (new),61
smith & wollensky,201 e. 49th st.,new york,212/753-1530,?,62
smith & wollensky,797 third ave.,?,212-753-1530,?,62
tavern on the green,in central park at 67th st.,?,212/873-3200,american,?
tavern on the green,central park west,new york city,?,american (new),?
uncle nick's,747 9th ave.  between 50th and 51st sts.,new york,212/315-1726,mediterranean,64
uncle nick's,747 ninth ave.,new york city,212-245-7992,greek,64
union square cafe,21 e. 16th st.,?,212/243-4020,american,65
union square cafe,21 e. 16th st.,?,212-243-4020,american (new),65
virgil's,152 w. 44th st.,new york,212/ 921-9494,?,?
virgil's real bbq,152 w. 44th st.,new york city,212-921-9494,bbq,?
chin's,3200 las vegas blvd. s,las vegas,?,asian,?
chin's,3200 las vegas blvd. s.,?,702-733-8899,?,67
coyote cafe,3799 las vegas blvd. s,las vegas,?,?,68
coyote cafe (las vegas),3799 las vegas blvd. s.,las vegas,702-891-7349,southwestern,68
le montrachet,3000 w. paradise rd.,las vegas,702/732-5111,?,69
le montrachet bistro,3000 paradise rd.,las vegas,702-732-5651,french bistro,69
palace court,3570 las vegas blvd. s,las vegas,702/731-7547,continental,?
palace court,3570 las vegas blvd. s.,las vegas,702-731-7110,french (new),70
second street grille,200 e. fremont st.,?,702/385-3232,seafood,71
second street grill,200 e. fremont st.,las vegas,702-385-6277,pacific rim,?
steak house,2880 las vegas blvd. s,las vegas,702/734-0410,steak houses,72
steak house  the,2880 las vegas blvd. s.,las vegas,702-734-0410,steakhouses,?
tillerman,2245 e. flamingo rd.,las vegas,702/731-4036,seafood,73
tillerman  the,2245 e. flamingo rd.,las vegas,?,?,73
abruzzi,2355 peachtree rd.  peachtree battle shopping center,?,404/261-8186,italian,74
abruzzi,2355 peachtree rd. ne,atlanta,404-261-8186,?,74
bacchanalia,3125 piedmont rd.  near peachtree rd.,atlanta,404/365-0410,international,75
bacchanalia,3125 piedmont rd.,atlanta,404-365-0410,californian,?
bone's,3130 piedmont road,?,404/237-2663,american,?
bone's restaurant,3130 piedmont rd. ne,?,404-237-2663,steakhouses,?
brasserie le coze,3393 peachtree rd.  lenox square mall  near neiman marcus,atlanta,404/266-1440,french,77
brasserie le coze,3393 peachtree rd.,atlanta,404-266-1440,?,?
buckhead diner,3073 piedmont road,atlanta,404/262-3336,american,78
buckhead diner,3073 piedmont rd.,atlanta,?,?,78
ciboulette,1529 piedmont ave.,?,?,french,79
ciboulette restaurant,1529 piedmont ave.,atlanta,404-874-7600,french (new),?
delectables,1 margaret mitchell sq.,atlanta,404/681-2909,?,80
delectables,1 margaret mitchell sq.,atlanta,404-681-2909,cafeterias,80
georgia grille,2290 peachtree rd.  peachtree square shopping center,atlanta,?,american,?
georgia grille,2290 peachtree rd.,?,?,southwestern,81
hedgerose heights inn,490 e. paces ferry rd.,atlanta,404/233-7673,international,82
hedgerose heights inn  the,490 e. paces ferry rd. ne,?,404-233-7673,continental,82
heera of india,595 piedmont ave.  rio shopping mall,atlanta,404/876-4408,asian,83
heera of india,595 piedmont ave.,atlanta,404-876-4408,?,83
indigo coastal grill,1397 n. highland ave.,?,404/876-0676,?,?
indigo coastal grill,1397 n. highland ave.,atlanta,404-876-0676,eclectic,84
la grotta,2637 peachtree rd.  peachtree house condominium,atlanta,?,italian,?
la grotta,2637 peachtree rd. ne,?,404-231-1368,?,85
mary mac's tea room,224 ponce de leon ave.,atlanta,404/876-1800,southern,?
mary mac's tea room,224 ponce de leon ave.,atlanta,404-876-1800,southern/soul,86
nikolai's roof,255 courtland st.  at harris st.,?,404/221-6362,continental,?
nikolai's roof,255 courtland st.,atlanta,?,continental,87
pano's and paul's,1232 w. paces ferry rd.,atlanta,404/261-3662,?,88
pano's & paul's,1232 w. paces ferry rd.,?,?,american (new),88
cafe  ritz-carlton  buckhead,3434 peachtree rd.,?,404/237-2700,?,?
ritz-carlton cafe (buckhead),3434 peachtree rd. ne,atlanta,404-237-2700,american (new),?
dining room  ritz-carlton  buckhead,3434 peachtree rd.,?,?,international,?
ritz-carlton dining room (buckhead),3434 peachtree rd. ne,atlanta,404-237-2700,?,?
restaurant  ritz-carlton  atlanta,181 peachtree st.,atlanta,404/659-0400,continental,91
ritz-carlton restaurant,181 peachtree st.,atlanta,404-659-0400,french (classic),?
toulouse,b peachtree rd.,atlanta,404/351-9533,french,92
toulouse,293-b peachtree rd.,atlanta,?,french (new),92
veni vidi vici,41 14th st.,atlanta,?,?,93
veni vidi vici,41 14th st.,atlanta,404-875-8424,italian,?
alain rondelli,126 clement st.,san francisco,415/387-0408,?,94
alain rondelli,126 clement st.,san francisco,415-387-0408,french (new),94
aqua,252 california st.,?,415/956-9662,seafood,95
aqua,252 california st.,san francisco,415-956-9662,american (new),95
boulevard,1 mission st.,?,415/543-6084,american,96
boulevard,1 mission st.,san francisco,?,american (new),?
cafe claude,7 claude la.,san francisco,415/392-3505,french,97
cafe claude,7 claude ln.,san francisco,415-392-3505,french bistro,?
campton place,340 stockton st.,?,415/955-5555,american,?
campton place,340 stockton st.,san francisco,415-955-5555,?,98
chez michel,804 northpoint,?,?,french,?
chez michel,804 north point st.,?,415-775-7036,californian,?
fleur de lys,777 sutter st.,san francisco,415/673-7779,french,?
fleur de lys,777 sutter st.,san francisco,415-673-7779,?,?
fringale,570 4th st.,san francisco,415/543-0573,french,?
fringale,570 fourth st.,?,415-543-0573,french bistro,?
hawthorne lane,22 hawthorne st.,san francisco,?,american,102
hawthorne lane,22 hawthorne st.,san francisco,415-777-9779,californian,?
khan toke thai house,5937 geary blvd.,san francisco,415/668-6654,asian,?
khan toke thai house,5937 geary blvd.,?,?,thai,?
la folie,2316 polk st.,san francisco,415/776-5577,?,?
la folie,2316 polk st.,?,415-776-5577,french (new),?
lulu,816 folsom st.,san francisco,415/495-5775,?,105
lulu restaurant-bis-cafe,816 folsom st.,?,415-495-5775,mediterranean,105
masa's,648 bush st.,san francisco,415/989-7154,french,106
masa's,648 bush st.,?,?,french (new),?
mifune japan center  kintetsu building,1737 post st.,san francisco,415/922-0337,?,107
mifune,1737 post st.,san francisco,415-922-0337,japanese,107
plumpjack cafe,3201 fillmore st.,san francisco,?,mediterranean,108
plumpjack cafe,3127 fillmore st.,san francisco,415-563-4755,?,108
postrio,545 post st.,?,?,american,109
postrio,545 post st.,san francisco,?,californian,109
ritz-carlton restaurant and dining room,600 stockton st.,san francisco,415/296-7465,american,110
ritz-carlton dining room (san francisco),600 stockton st.,san francisco,415-296-7465,french (new),110
rose pistola,532 columbus ave.,?,?,?,?
rose pistola,532 columbus ave.,san francisco,?,italian,111
adriano's ristorante,2930 beverly glen circle,los angeles,310/475-9807,italian,112
barney greengrass,9570 wilshire blvd.,beverly hills,310/777-5877,american,113
beaurivage,26025 pacific coast hwy.,malibu,?,?,114
bistro garden,176 n. canon dr.,?,310/550-3900,?,115
border grill,4th st.,los angeles,310/451-1655,mexican,116
broadway deli,3rd st. promenade,santa monica,310/451-0616,?,117
ca'brea,346 s. la brea ave.,los angeles,?,?,?
ca'del sol,4100 cahuenga blvd.,los angeles,818/985-4669,?,119
cafe pinot,700 w. fifth st.,?,213/239-6500,?,120
california pizza kitchen,207 s. beverly dr.,los angeles,310/275-1101,californian,?
canter's,419 n. fairfax ave.,?,213/651-2030.,american,122
cava,3rd st.,los angeles,213/658-8898,mediterranean,123
cha cha cha,656 n. virgil ave.,los angeles,213/664-7723,caribbean,?
chan dara,310 n. larchmont blvd.,los angeles,213/467-1052,asian,?
clearwater cafe,168 w. colorado blvd.,los angeles,818/356-0959,health food,126
dining room,9500 wilshire blvd.,los angeles,?,californian,127
dive!,10250 santa monica blvd.,?,310/788-,dive american,?
drago,2628 wilshire blvd.,?,310/828-1585,?,129
drai's,730 n. la cienega blvd.,los angeles,310/358-8585,?,?
dynasty room,930 hilgard ave.,?,310/208-8765,continental,131
eclipse,8800 melrose ave.,los angeles,?,californian,?
ed debevic's,134 n. la cienega,los angeles,?,american,133
el cholo,1121 s. western ave.,los angeles,?,mexican,?
gilliland's,2424 main st.,santa monica,310/392-3901,american,135
gladstone's,4 fish 17300 pacific coast hwy. at sunset blvd.,?,?,american,136
hard rock cafe,8600 beverly blvd.,los angeles,310/276-7605,american,137
harry's bar & american grill,2020 ave. of the stars,los angeles,310/277-2333,italian,?
il fornaio cucina italiana,301 n. beverly dr.,?,310/550-8330,italian,?
jack sprat's grill,10668 w. pico blvd.,los angeles,310/837-6662,health food,?
jackson's farm,439 n. beverly drive,los angeles,310/273-5578,?,141
jimmy's,201 moreno dr.,los angeles,310/552-2394,continental,?
joss,9255 sunset blvd.,los angeles,310/276-1886,asian,?
le colonial,8783 beverly blvd.,los angeles,310/289-0660,?,144
le dome,8720 sunset blvd.,?,310/659-6919,french,?
louise's trattoria,4500 los feliz blvd.,los angeles,213/667-0777,?,146
mon kee seafood restaurant,679 n. spring st.,?,213/628-6717,asian,147
morton's,8764 melrose ave.,los angeles,310/276-5205,american,?
nate 'n' al's,414 n. beverly dr.,los angeles,310/274-0101,american,149
nicola,601 s. figueroa st.,los angeles,213/485-0927,american,150
ocean avenue,1401 ocean ave.,santa monica,310/394-5669,?,151
orleans,11705 national blvd.,?,?,?,152
pacific dining car,6th st.,los angeles,213/483-6000,american,153
paty's,10001 riverside dr.,toluca lake,818/761-9126,american,154
pinot hollywood,1448 n. gower st.,?,?,californian,155
posto,14928 ventura blvd.,sherman oaks,818/784-4400,?,156
prego,362 n. camden dr.,los angeles,310/277-7346,?,157
rj's the rib joint,252 n. beverly dr.,los angeles,?,?,158
remi,3rd st. promenade,santa monica,?,?,?
restaurant horikawa,111 s. san pedro st.,los angeles,213/680-9355,?,160
roscoe's house of chicken 'n' waffles,1514 n. gower st.,?,213/466-9329,american,?
schatzi on main,3110 main st.,los angeles,310/399-4800,?,162
sofi,3rd st.,los angeles,213/651-0346,mediterranean,?
swingers,8020 beverly blvd.,los angeles,213/653-5858,?,164
tavola calda,7371 melrose ave.,los angeles,?,?,?
the mandarin,430 n. camden dr.,los angeles,310/859-0926,asian,166
tommy tang's,7313 melrose ave.,los angeles,213/937-5733,asian,167
tra di noi,3835 cross creek rd.,?,310/456-0169,italian,168
trader vic's,9876 wilshire blvd.,los angeles,?,?,169
vida,1930 north hillhurst ave.,?,213/660-4446,?,170
west beach cafe,60 n. venice blvd.,los angeles,310/823-5396,?,?
20 mott,20 mott st.  between bowery and pell st.,new york,212/964-0380,asian,172
9 jones street,9 jones st.,new york,?,?,173
adrienne,700 5th ave. at 55th st.,?,212/903-3918,french,?
agrotikon,322 e. 14 st.  between 1st and 2nd aves.,new york,212/473-2602,mediterranean,175
aja,937 broadway at 22nd st.,?,?,american,176
alamo,304 e. 48th st.,new york,?,?,?
alley's end,311 w. 17th st.,?,212/627-8899,american,178
ambassador grill,1 united nations plaza at 44th st.,?,212/702-5014,american,179
american place,2 park ave. at 32nd st.,?,212/684-2122,american,?
anche vivolo,222 e. 58th st.  between 2nd and 3rd aves.,new york,?,italian,181
arizona,206 206 e. 60th st.,new york,212/838-0440,american,182
arturo's,106 w. houston st.  off thompson st.,new york,?,italian,183
au mandarin,200-250 vesey st. world financial center,new york,?,asian,?
bar anise,1022 3rd ave.  between 60th and 61st sts.,?,212/355-1112,mediterranean,?
barbetta,321 w. 46th st.,new york,212/246-9171,italian,?
ben benson's,123 w. 52nd st.,new york,212/581-8888,american,?
big cup,228 8th ave.  between 21st and 22nd sts.,new york,212/206-0059,coffee bar,?
billy's,948 1st ave.  between 52nd and 53rd sts.,?,212/753-1870,american,189
boca chica,13 1st ave.  near 1st st.,?,?,latin american,190
bolo,23 e. 22nd st.,new york,212/228-2200,mediterranean,?
boonthai,1393a 2nd ave.  between 72nd and 73rd sts.,new york,212/249-8484,asian,192
bouterin,420 e. 59th st.  off 1st ave.,new york,212/758-0323,french,193
brothers bar-b-q,225 varick st. at clarkston st.,new york,212/727-2775,american,194
bruno,240 e. 58th st.,new york,?,italian,?
bryant park grill  roof restaurant and bp cafe,25 w. 40th st.  between 5th and 6th aves.,new york,212/840-6500,american,196
c3,103 waverly pl.  near washington sq.,new york,212/254-1200,american,197
ct,111 e. 22nd st.  between park ave. s and lexington ave.,new york,?,?,198
cafe bianco,1486 2nd ave.  between 77th and 78th sts.,?,212/988-2655,coffee bar,199
cafe botanica,160 central park s,?,?,french,?
cafe la fortuna,69 w. 71st st.,?,212/724-5846,coffee bar,201
cafe luxembourg,200 w. 70th st.,new york,212/873-7411,french,202
cafe pierre,2 e. 61st st.,new york,?,french,203
cafe centro,200 park ave.  between 45th st. and vanderbilt ave.,new york,212/818-1222,french,204
cafe fes,246 w. 4th st. at charles st.,new york,212/924-7653,mediterranean,205
caffe dante,81 macdougal st.  between houston and bleeker sts.,new york,212/982-5275,coffee bar,206
caffe dell'artista,46 greenwich ave.,new york,?,coffee bar,207
caffe lure,169 sullivan st.  between houston and bleecker sts.,new york,212/473-2642,?,208
caffe reggio,119 macdougal st.  between 3rd and bleecker sts.,new york,?,coffee bar,?
caffe roma,385 broome st. at mulberry,new york,212/226-8413,?,210
caffe vivaldi,32 jones st. at bleecker st.,?,212/691-7538,coffee bar,211
caffe bondi ristorante,7 w. 20th st.,new york,212/691-8136,italian,?
capsouto freres,451 washington st.  near watts st.,new york,212/966-4900,french,213
captain's table,860 2nd ave. at 46th st.,new york,?,seafood,?
casa la femme,150 wooster st.  between houston and prince sts.,new york,212/505-0005,?,215
cendrillon asian grill & marimba bar,45 mercer st.  between broome and grand sts.,new york,212/343-9012,asian,216
chez jacqueline,72 macdougal st.  between w. houston and bleecker sts.,new york,?,french,?
chiam,160 e. 48th st.,new york,212/371-2323,asian,218
china grill,60 w. 53rd st.,new york,212/333-7788,?,?
cite,120 w. 51st st.,?,212/956-7100,french,?
coco pazzo,23 e. 74th st.,new york,212/794-0205,?,221
columbus bakery,53rd sts.,new york,212/421-0334,coffee bar,222
corrado cafe,1013 3rd ave.  between 60th and 61st sts.,?,?,?,?
cupcake cafe,522 9th ave. at 39th st.,new york,?,?,?
da nico,164 mulberry st.  between grand and broome sts.,new york,212/343-1212,italian,?
dean & deluca,121 prince st.,new york,?,?,?
diva,341 w. broadway  near grand st.,new york,?,?,227
dix et sept,181 w. 10th st.,new york,212/645-8023,?,228
docks,633 3rd ave. at 40th st.,new york,212/ 986-8080,?,229
duane park cafe,157 duane st.  between w. broadway and hudson st.,?,212/732-5555,american,230
el teddy's,219 w. broadway  between franklin and white sts.,new york,?,mexican,?
emily's,1325 5th ave. at 111th st.,?,?,american,232
empire korea,6 e. 32nd st.,new york,212/725-1333,asian,233
ernie's,2150 broadway  between 75th and 76th sts.,new york,212/496-1588,american,?
evergreen cafe,1288 1st ave. at 69th st.,new york,212/744-3266,asian,235
f. ille ponte ristorante,39 desbrosses st.  near west st.,new york,212/226-4621,?,236
felix,340 w. broadway at grand st.,?,?,french,237
ferrier,29 e. 65th st.,new york,212/772-9000,french,?
fifty seven fifty seven,57 e. 57th st.,new york,?,american,239
film center cafe,635 9th ave.  between 44th and 45th sts.,new york,212/ 262-2525,american,240
fiorello's roman cafe,1900 broadway  between 63rd and 64th sts.,new york,212/595-5330,italian,241
firehouse,522 columbus ave.  between 85th and 86th sts.,new york,?,?,242
first,87 1st ave.  between 5th and 6th sts.,new york,?,american,243
fishin eddie,73 w. 71st st.,new york,212/874-3474,seafood,244
fleur de jour,348 e. 62nd st.,new york,?,coffee bar,?
flowers,21 west 17th st.  between 5th and 6th aves.,?,?,american,246
follonico,6 w. 24th st.,?,?,italian,247
fraunces tavern,54 pearl st. at broad st.,new york,212/269-0144,?,248
french roast,458 6th ave. at 11th st.,new york,212/533-2233,french,249
french roast cafe,2340 broadway at 85th st.,new york,212/799-1533,?,250
frico bar,402 w. 43rd st.  off 9th ave.,new york,212/564-7272,?,?
fujiyama mama,467 columbus ave.  between 82nd and 83rd sts.,new york,212/769-1144,asian,252
gabriela's,685 amsterdam ave. at 93rd st.,new york,?,mexican,253
gallagher's,228 w. 52nd st.,new york,?,?,?
gianni's,15 fulton st.,?,?,seafood,?
girafe,208 e. 58th st.  between 2nd and 3rd aves.,new york,212/752-3054,italian,?
global,33 93 2nd ave.  between 5th and 6th sts.,new york,212/477-8427,american,257
golden unicorn,18 e. broadway at catherine st.,new york,212/ 941-0911,?,258
grand ticino,228 thompson st.  between w. 3rd and bleecker sts.,new york,?,?,259
halcyon,151 w. 54th st.  in the rihga royal hotel,new york,212/468-8888,?,?
hard rock cafe,221 w. 57th st.,?,212/489-6565,american,?
hi-life restaurant and lounge,1340 1st ave. at 72nd st.,new york,?,american,262
home,20 cornelia st.  between bleecker and w. 4th st.,new york,212/243-9579,?,263
hudson river club,4 world financial center,new york,?,?,264
i trulli,122 e. 27th st.  between lexington and park aves.,new york,?,?,?
il cortile,125 mulberry st.  between canal and hester sts.,?,212/226-6060,italian,266
il nido,251 e. 53rd st.,?,212/753-8450,?,267
inca grill,492 broome st.  near w. broadway,new york,212/966-3371,latin american,268
indochine,430 lafayette st.  between 4th st. and astor pl.,new york,212/505-5111,asian,269
internet cafe,82 e. 3rd st.  between 1st and 2nd aves.,?,?,?,270
ipanema,13 w. 46th st.,?,212/730-5848,?,271
jean lafitte,68 w. 58th st.,?,?,french,272
jewel of india,15 w. 44th st.,new york,?,asian,273
jimmy sung's,219 e. 44th st.  between 2nd and 3rd aves.,?,212/682-5678,asian,?
joe allen,326 w. 46th st.,new york,212/581-6464,?,?
judson grill,152 w. 52nd st.,?,212/582-5252,?,276
l'absinthe,227 e. 67th st.,?,212/794-4950,french,277
l'auberge,1191 1st ave.  between 64th and 65th sts.,new york,?,middle eastern,278
l'auberge du midi,310 w. 4th st.  between w. 12th and bank sts.,new york,212/242-4705,?,?
l'udo,432 lafayette st.  near astor pl.,?,212/388-0978,french,280
la reserve,4 w. 49th st.,new york,212/247-2993,french,?
lanza restaurant,168 1st ave.  between 10th and 11th sts.,new york,?,italian,282
lattanzi ristorante,361 w. 46th st.,new york,212/315-0980,italian,283
layla,211 w. broadway at franklin st.,?,212/431-0700,?,284
le chantilly,106 e. 57th st.,new york,212/751-2931,french,?
le colonial,149 e. 57th st.,new york,212/ 752-0808,asian,?
le gamin,50 macdougal st.  between houston and prince sts.,?,?,?,287
le jardin,25 cleveland pl.  near spring st.,new york,?,?,288
le madri,168 w. 18th st.,new york,212/727-8022,italian,289
le marais,150 w. 46th st.,new york,?,american,290
le perigord,405 e. 52nd st.,new york,?,french,291
le select,507 columbus ave.  between 84th and 85th sts.,new york,212/875-1993,?,292
les halles,411 park ave. s  between 28th and 29th sts.,new york,212/679-4111,french,293
lincoln tavern,51 w. 64th st.,?,212/721-8271,american,294
lola,30 west 22nd st.  between 5th and 6th ave.,new york,212/675-6700,american,295
lucky strike,59 grand st.  between wooster st. and w. broadway,new york,212/941-0479,or 212/941-0772 american,?
mad fish,2182 broadway  between 77th and 78th sts.,?,212/787-0202,seafood,297
main street,446 columbus ave.  between 81st and 82nd sts.,new york,212/873-5025,american,298
mangia e bevi,800 9th ave. at 53rd st.,?,212/956-3976,?,299
manhattan cafe,1161 1st ave.  between 63rd and 64th sts.,?,212/888-6556,american,300
manila garden,325 e. 14th st.  between 1st and 2nd aves.,?,212/777-6314,asian,301
marichu,342 e. 46th st.  between 1st and 2nd aves.,new york,212/370-1866,french,302
marquet patisserie,15 e. 12th st.  between 5th ave. and university pl.,new york,212/229-9313,coffee bar,?
match,160 mercer st.  between houston and prince sts.,new york,?,american,?
matthew's,1030 3rd ave. at 61st st.,new york,?,american,?
mavalli palace,46 e. 29th st.,?,?,?,306
milan cafe and coffee bar,120 w. 23rd st.,?,?,coffee bar,?
monkey bar,60 e. 54th st.,?,212/838-2600,american,308
montien,1134 1st ave.   between 62nd and 63rd sts.,new york,212/421-4433,asian,309
morton's,551 5th ave. at 45th st.,new york,212/972-3315,american,310
motown cafe,104 w. 57th st.  near 6th ave.,new york,212/581-8030,?,311
new york kom tang soot bul house,32 w. 32nd st.,new york,212/ 947-8482,asian,?
new york noodletown,28 1/2 bowery at bayard st.,new york,?,?,313
newsbar,2 w. 19th st.,new york,212/255-3996,coffee bar,314
odeon,145 w. broadway at thomas st.,?,212/233-0507,american,?
orso,322 w. 46th st.,?,212/489-7212,italian,316
osteria al droge,142 w. 44th st.,new york,212/944-3643,?,317
otabe,68 e. 56th st.,new york,212/223-7575,?,?
pacifica,138 lafayette st.  between canal and howard sts.,?,212/941-4168,asian,319
palio,151 w. 51st. st.,?,?,?,320
pamir,1065 1st ave.  at 58th st.,new york,212/644-9258,?,321
parioli romanissimo,24 e. 81st st.,new york,212/288-2391,?,322
patria,250 park ave. s at 20th st.,?,212/777-6211,?,?
peacock alley,301 park ave.  between 49th and 50th sts.,?,212/872-4895,?,324
pen & pencil,205 e. 45th st.,new york,212/682-8660,american,?
penang soho,109 spring st.  between greene and mercer sts.,?,212/274-8883,asian,326
persepolis,1423 2nd ave.  between 74th and 75th sts.,new york,?,middle eastern,327
planet hollywood,140 w. 57th st.,new york,212/333-7827,american,328
pomaire,371 w. 46th st.  off 9th ave.,new york,212/ 956-3055,latin american,329
popover cafe,551 amsterdam ave.  between 86th and 87th sts.,?,212/595-8555,american,330
post house,28 e. 63rd st.,new york,?,?,331
rain,100 w. 82nd st.,?,?,asian,?
red tulip,439 e. 75th st.,new york,?,eastern european,333
remi,145 w. 53rd st.,new york,?,italian,?
republic,37a union sq. w  between 16th and 17th sts.,new york,212/627-7172,asian,335
roettelle a. g,126 e. 7th st.  between 1st ave. and ave. a,new york,212/674-4140,continental,336
rosa mexicano,1063 1st ave. at 58th st.,?,212/753-7407,mexican,337
ruth's chris,148 w. 51st st.,new york,?,american,338
s.p.q.r,133 mulberry st.  between hester and grand sts.,new york,212/925-3120,italian,339
sal anthony's,55 irving pl.,new york,212/982-9030,italian,?
sammy's roumanian steak house,157 chrystie st. at delancey st.,?,?,east european,341
san pietro,18 e. 54th st.,?,212/753-9015,italian,342
sant ambroeus,1000 madison ave.  between 77th and 78th sts.,new york,?,coffee bar,343
sarabeth's kitchen,423 amsterdam ave.  between 80th and 81st sts.,new york,?,?,344
sea grill,19 w. 49th st.,new york,?,?,?
serendipity,3 225 e. 60th st.,new york,?,american,346
seventh regiment mess and bar,643 park ave. at 66th st.,new york,212/744-4107,?,347
sfuzzi,58 w. 65th st.,new york,212/873-3700,?,348
shaan,57 w. 48th st.,new york,212/ 977-8400,asian,349
sofia fabulous pizza,1022 madison ave.  near 79th st.,?,212/734-2676,italian,?
spring street natural restaurant & bar,62 spring st. at lafayette st.,new york,212/966-0290,american,351
stage deli,834 7th ave.  between 53rd and 54th sts.,new york,?,?,352
stingray,428 amsterdam ave.  between 80th and 81st sts.,?,212/501-7515,seafood,?
sweet'n'tart cafe,76 mott st. at canal st.,?,212/334-8088,asian,?
t salon,143 mercer st. at prince st.,new york,?,coffee bar,355
tang pavillion,65 w. 55th st.,new york,212/956-6888,asian,356
tapika,950 8th ave. at 56th st.,new york,212/ 397-3737,?,357
teresa's,103 1st ave.  between 6th and 7th sts.,?,212/228-0604,?,?
terrace,400 w. 119th st.  between amsterdam and morningside aves.,new york,212/666-9490,continental,359
the coffee pot,350 9th ave. at 49th st.,new york,?,coffee bar,360
the savannah club,2420 broadway at 89th st.,?,212/496-1066,american,361
trattoria dell'arte,900 7th ave.  between 56th and 57th sts.,new york,212/245-9800,?,362
triangolo,345 e. 83rd st.,new york,212/472-4488,italian,363
tribeca grill,375 greenwich st.  near franklin st.,new york,?,american,364
trois jean,154 e. 79th st.  between lexington and 3rd aves.,new york,212/988-4858,?,365
tse yang,34 e. 51st st.,new york,212/688-5447,?,366
turkish kitchen,386 3rd ave.  between 27th and 28th sts.,?,?,middle eastern,367
two two two,222 w. 79th st.,new york,?,american,?
veniero's pasticceria,342 e. 11th st.  near 1st ave.,new york,?,?,369
verbena,54 irving pl. at 17th st.,?,?,american,370
victor's cafe,52 236 w. 52nd st.,new york,212/586-7714,latin american,?
vince & eddie's,70 w. 68th st.,new york,?,?,372
vong,200 e. 54th st.,new york,212/486-9592,american,?
water club,500 e. 30th st.,?,212/683-3333,american,?
west,63rd street steakhouse 44 w. 63rd st.,?,212/246-6363,american,375
xunta,174 1st ave.  between 10th and 11th sts.,new york,?,?,376
zen palate,34 union sq. e at 16th st.,new york,212/614-9291,and 212/614-9345 asian,377
zoe,90 prince st.  between broadway and mercer st.,new york,?,american,378
abbey,163 ponce de leon ave.,atlanta,404/876-8532,international,379
aleck's barbecue heaven,783 martin luther king jr. dr.,?,404/525-2062,barbecue,380
annie's thai castle,3195 roswell rd.,atlanta,404/264-9546,asian,381
anthonys,3109 piedmont rd.  just south of peachtree rd.,atlanta,404/262-7379,american,?
atlanta fish market,265 pharr rd.,atlanta,404/262-3165,?,383
beesley's of buckhead,260 e. paces ferry road,atlanta,404/264-1334,continental,384
bertolini's,3500 peachtree rd.  phipps plaza,atlanta,?,italian,385
bistango,1100 peachtree st.,atlanta,404/724-0901,?,386
cafe renaissance,7050 jimmy carter blvd.  norcross,atlanta,?,american,387
camille's,1186 n. highland ave.,atlanta,404/872-7203,italian,388
cassis,3300 peachtree rd.  grand hyatt,atlanta,404/365-8100,mediterranean,389
city grill,50 hurt plaza,atlanta,404/524-2489,international,?
coco loco,40  buckhead crossing mall on the sidney marcus blvd.,atlanta,404/364-0212,?,391
colonnade restaurant,1879 cheshire bridge rd.,?,404/874-5642,southern,392
dante's down the hatch  buckhead,3380 peachtree rd.,atlanta,404/266-1600,continental,393
dante's down the hatch,underground underground mall  underground atlanta,atlanta,404/577-1800,continental,?
fat matt's rib shack,1811 piedmont ave.  near cheshire bridge rd.,?,404/607-1622,barbecue,?
french quarter food shop,923 peachtree st.  at 8th st.,atlanta,404/875-2489,southern,396
holt bros. bar-b-q,6359 jimmy carter blvd.  at buford hwy.  norcross,atlanta,770/242-3984,barbecue,397
horseradish grill,4320 powers ferry rd.,atlanta,404/255-7277,southern,?
hsu's gourmet,192 peachtree center ave.  at international blvd.,?,404/659-2788,asian,399
imperial fez,2285 peachtree rd.  peachtree battle condominium,atlanta,?,mediterranean,?
kamogawa,3300 peachtree rd.  grand hyatt,atlanta,404/841-0314,asian,401
la grotta at ravinia dunwoody rd.,holiday inn/crowne plaza at ravinia  dunwoody,atlanta,770/395-9925,?,?
little szechuan,c buford hwy.  northwoods plaza  doraville,atlanta,770/451-0192,asian,403
lowcountry barbecue,6301 roswell rd.  sandy springs plaza  sandy springs,atlanta,?,barbecue,?
luna si,1931 peachtree rd.,atlanta,404/355-5993,continental,405
mambo restaurante cubano,1402 n. highland ave.,atlanta,404/874-2626,caribbean,406
mckinnon's louisiane,3209 maple dr.,atlanta,404/237-1313,?,407
mi spia dunwoody rd.,park place  across from perimeter mall  dunwoody,atlanta,770/393-1333,?,408
nickiemoto's: a sushi bar,247 buckhead ave.  east village sq.,atlanta,404/842-0334,?,409
palisades,1829 peachtree rd.,?,404/350-6755,continental,410
pleasant peasant,555 peachtree st.  at linden ave.,?,404/874-3223,american,411
pricci,500 pharr rd.,atlanta,404/237-2941,italian,412
r.j.'s uptown kitchen & wine bar,870 n. highland ave.,atlanta,?,american,?
rib ranch,25 irby ave.,?,404/233-7644,?,414
sa tsu ki,3043 buford hwy.,atlanta,?,asian,415
sato sushi and thai,6050 peachtree pkwy.  norcross,atlanta,770/449-0033,asian,416
south city kitchen,1144 crescent ave.,atlanta,?,southern,417
south of france,2345 cheshire bridge rd.,atlanta,?,french,418
stringer's fish camp and oyster bar,3384 shallowford rd.  chamblee,?,770/458-7145,?,419
sundown cafe,2165 cheshire bridge rd.,atlanta,?,american,420
taste of new orleans,889 w. peachtree st.,?,404/874-5535,southern,421
tomtom,3393 peachtree rd.,atlanta,404/264-1163,continental,?
antonio's,3700 w. flamingo,las vegas,702/252-7737,italian,423
bally's big kitchen,3645 las vegas blvd. s,las vegas,?,buffets,?
bamboo garden,4850 flamingo rd.,las vegas,702/871-3262,asian,?
battista's hole in the wall,4041 audrie st. at flamingo rd.,las vegas,702/732-1424,italian,426
bertolini's,3570 las vegas blvd. s,las vegas,702/735-4663,italian,427
binion's coffee shop,128 fremont st.,las vegas,702/382-1600,?,?
bistro,3400 las vegas blvd. s,las vegas,702/791-7111,continental,429
broiler,4111 boulder hwy.,?,702/432-7777,?,?
bugsy's diner,3555 las vegas blvd. s,las vegas,702/733-3111,coffee shops/diners,?
cafe michelle,1350 e. flamingo rd.,?,702/735-8686,?,432
cafe roma,3570 las vegas blvd. s,las vegas,?,coffee shops/diners,?
capozzoli's,3333 s. maryland pkwy.,las vegas,702/731-5311,italian,?
carnival world,3700 w. flamingo rd.,las vegas,?,?,435
center stage plaza hotel,1 main st.,?,702/386-2512,?,436
circus circus,2880 las vegas blvd. s,las vegas,?,buffets,437
empress court,3570 las vegas blvd. s,las vegas,702/731-7888,?,438
feast,2411 w. sahara ave.,las vegas,?,?,?
golden nugget hotel,129 e. fremont st.,las vegas,702/385-7111,buffets,440
golden steer,308 w. sahara ave.,las vegas,702/384-4470,steak houses,?
lillie langtry's,129 e. fremont st.,las vegas,702/385-7111,?,442
mandarin court,1510 e. flamingo rd.,?,702/737-1234,?,443
margarita's mexican cantina,3120 las vegas blvd. s,las vegas,702/794-8200,?,444
mary's diner,5111 w. boulder hwy.,?,?,?,?
mikado,3400 las vegas blvd. s,?,?,?,?
pamplemousse,400 e. sahara ave.,las vegas,?,?,447
ralph's diner,3000 las vegas blvd. s,las vegas,702/732-6330,?,?
the bacchanal,3570 las vegas blvd. s,las vegas,702/731-7525,only in las vegas,449
venetian,3713 w. sahara ave.,las vegas,?,?,?
viva mercado's,6182 w. flamingo rd.,las vegas,702/871-8826,?,?
yolie's,3900 paradise rd.,las vegas,702/794-0700,?,452
2223,2223 market st.,san francisco,415/431-0692,american,453
acquarello,1722 sacramento st.,san francisco,415/567-5432,italian,?
bardelli's,243 o'farrell st.,san francisco,?,old san francisco,?
betelnut,2030 union st.,?,?,asian,?
bistro roti,155 steuart st.,?,415/495-6500,?,457
bix,56 gold st.,?,415/433-6300,?,458
bizou,598 fourth st.,?,415/543-2222,french,459
buca giovanni,800 greenwich st.,san francisco,?,?,?
cafe adriano,3347 fillmore st.,san francisco,415/474-4180,italian,461
cafe marimba,2317 chestnut st.,san francisco,415/776-1506,mexican/latin american/spanish,?
california culinary academy,625 polk st.,san francisco,?,french,463
capp's corner,1600 powell st.,?,415/989-2589,italian,464
carta,1772 market st.,san francisco,?,american,465
chevys,4th and howard sts.,san francisco,415/543-8060,?,466
cypress club,500 jackson st.,?,?,american,?
des alpes,732 broadway,?,415/788-9900,french,?
faz,161 sutter st.,san francisco,415/362-0404,greek and middle eastern,469
fog city diner,1300 battery st.,san francisco,415/982-2000,american,470
garden court,market and new montgomery sts.,san francisco,?,old san francisco,?
gaylord's,ghirardelli sq.,san francisco,415/771-8822,asian,?
grand cafe hotel monaco,501 geary st.,san francisco,415/292-0101,american,473
greens,bldg. a fort mason,san francisco,?,vegetarian,474
harbor village,4 embarcadero center,san francisco,415/781-8833,asian,475
harris',2100 van ness ave.,san francisco,415/673-1888,steak houses,476
harry denton's,161 steuart st.,san francisco,415/882-1333,?,477
hayes street grill,320 hayes st.,san francisco,415/863-5545,seafood,478
helmand,430 broadway,san francisco,?,?,479
hong kong flower lounge,5322 geary blvd.,san francisco,415/668-8998,?,?
hong kong villa,2332 clement st.,san francisco,415/752-8833,asian,481
hyde street bistro,1521 hyde st.,san francisco,415/441-7778,?,?
il fornaio levi's plaza,1265 battery st.,?,415/986-0100,italian,?
izzy's steak & chop house,3345 steiner st.,san francisco,415/563-0487,steak houses,?
jack's,615 sacramento st.,?,?,old san francisco,485
kabuto sushi,5116 geary blvd.,san francisco,415/752-5652,?,486
katia's,600 5th ave.,?,415/668-9292,?,?
kuleto's,221 powell st.,san francisco,415/397-7720,?,?
kyo-ya. sheraton palace hotel,2 new montgomery st.  at market st.,san francisco,415/546-5000,asian,?
l'osteria del forno,519 columbus ave.,san francisco,415/982-1124,italian,?
le central,453 bush st.,san francisco,415/391-2233,french,491
le soleil,133 clement st.,san francisco,415/668-4848,asian,492
macarthur park,607 front st.,san francisco,415/398-5700,american,493
manora,3226 mission st.,?,?,asian,494
maykadeh,470 green st.,san francisco,415/362-8286,?,?
mccormick & kuleto's,ghirardelli sq.,?,?,seafood,?
millennium,246 mcallister st.,?,415/487-9800,vegetarian,?
moose's,1652 stockton st.,san francisco,415/989-7800,mediterranean,498
north india,3131 webster st.,?,?,asian,?
one market,1 market st.,?,?,american,500
oritalia,1915 fillmore st.,?,?,italian,501
pacific pan pacific hotel,500 post st.,san francisco,415/929-2087,?,502
palio d'asti,640 sacramento st.,san francisco,?,italian,503
pane e vino,3011 steiner st.,san francisco,415/346-2111,italian,504
pastis,1015 battery st.,san francisco,415/391-2555,french,505
perry's,1944 union st.,san francisco,?,american,?
r&g lounge,631 b kearny st.,?,?,?,507
rubicon,558 sacramento st.,san francisco,415/434-4100,american,?
rumpus,1 tillman pl.,san francisco,415/421-2300,?,?
sanppo,1702 post st.,san francisco,415/346-3486,asian,?
scala's bistro,432 powell st.,san francisco,?,?,511
south park cafe,108 south park,?,415/495-7275,?,?
splendido embarcadero,4,san francisco,415/986-3222,mediterranean,513
stars,150 redwood alley,san francisco,?,american,514
stars cafe,500 van ness ave.,?,?,american,515
stoyanof's cafe,1240 9th ave.,san francisco,415/664-3664,?,?
straits cafe,3300 geary blvd.,san francisco,415/668-1783,asian,517
suppenkuche,601 hayes st.,san francisco,?,russian/german,518
tadich grill,240 california st.,?,?,seafood,519
the heights,3235 sacramento st.,san francisco,415/474-8890,?,520
thepin,298 gough st.,san francisco,415/863-9335,asian,521
ton kiang,3148 geary blvd.,san francisco,415/752-4440,asian,522
vertigo,600 montgomery st.,san francisco,415/433-7250,?,523
vivande porta via,2125 fillmore st.,san francisco,415/346-4430,?,524
vivande ristorante,670 golden gate ave.,?,?,italian,?
world wrapps,2257 chestnut st.,san francisco,?,american,?
wu kong,101 spear st.,san francisco,?,asian,?
yank sing,427 battery st.,san francisco,415/541-4949,asian,528
yaya cuisine,1220 9th ave.,san francisco,415/566-6966,greek and middle eastern,529
yoyo tsumami bistro,1611 post st.,san francisco,415/922-7788,french,?
zarzuela,2000 hyde st.,san francisco,415/346-0800,?,531
zuni cafe & grill,1658 market st.,san francisco,415/552-2522,?,532
apple pan  the,10801 w. pico blvd.,?,310-475-3585,american,534
asahi ramen,2027 sawtelle blvd.,?,310-479-2231,noodle shops,535
baja fresh,3345 kimber dr.,westlake village,805-498-4049,mexican,?
belvedere  the,9882 little santa monica blvd.,?,310-788-2306,?,?
benita's frites,1433 third st. promenade,?,310-458-2889,fast food,?
bernard's,515 s. olive st.,los angeles,?,?,?
bistro 45,45 s. mentor ave.,?,818-795-2478,californian,540
brent's deli,19565 parthenia ave.,?,?,delis,541
brighton coffee shop,9600 brighton way,?,310-276-7732,coffee shops,?
bristol farms market cafe,1570 rosecrans ave. s.,pasadena,310-643-5229,?,543
bruno's,3838 centinela ave.,mar vista,?,italian,544
cafe '50s,838 lincoln blvd.,?,310-399-1955,american,?
cafe blanc,9777 little santa monica blvd.,?,310-888-0108,pacific new wave,546
cassell's,3266 w. sixth st.,la,?,?,547
chez melange,1716 pch,redondo beach,?,?,?
diaghilev,1020 n. san vicente blvd.,w. hollywood,310-854-1111,russian,549
don antonio's,1136 westwood blvd.,?,?,?,550
duke's,8909 sunset blvd.,w. hollywood,310-652-3100,coffee shops,551
falafel king,1059 broxton ave.,westwood,310-208-4444,?,?
feast from the east,1949 westwood blvd.,west la,310-475-0400,chinese,?
gumbo pot  the,6333 w. third st.,la,213-933-0358,cajun/creole,?
hollywood hills coffee shop,6145 franklin ave.,hollywood,213-467-7678,?,555
indo cafe,10428 1/2 national blvd.,?,310-815-1290,indonesian,556
jan's family restaurant,8424 beverly blvd.,?,213-651-2866,?,557
jiraffe,502 santa monica blvd,?,?,?,558
jody maroni's sausage kingdom,2011 ocean front walk,venice,310-306-1995,hot dogs,?
joe's,1023 abbot kinney blvd.,?,310-399-5811,american (new),?
john o'groats,10516 w. pico blvd.,west la,310-204-0692,coffee shops,561
johnnie's pastrami,4017 s. sepulveda blvd.,?,310-397-6654,?,?
johnny reb's southern smokehouse,4663 long beach blvd.,?,?,southern/soul,563
johnny rockets (la),7507 melrose ave.,la,?,american,564
killer shrimp,4000 colfax ave.,studio city,818-508-1570,?,565
kokomo cafe,6333 w. third st.,la,?,american,?
koo koo roo,8393 w. beverly blvd.,la,213-655-9045,chicken,?
la cachette,10506 little santa monica blvd.,?,?,french (new),568
la salsa (la),22800 pch,malibu,310-456-6299,mexican,?
la serenata de garibaldi,1842 e. first,st. boyle hts.,213-265-2887,mexican/tex-mex,570
langer's,704 s. alvarado st.,la,213-483-8050,?,571
local nochol,30869 thousand oaks blvd.,westlake village,818-706-7706,health food,?
main course  the,10509 w. pico blvd.,rancho park,310-475-7564,american,573
mani's bakery & espresso bar,519 s. fairfax ave.,la,213-938-8800,desserts,?
martha's,22nd street grill 25 22nd,?,310-376-7786,american,575
maxwell's cafe,13329 washington blvd.,marina del rey,310-306-7829,american,576
michael's (los angeles),1147 third st.,?,?,?,577
mishima,8474 w. third st.,la,213-782-0181,noodle shops,?
mo better meatty meat,7261 melrose ave.,la,213-935-5280,?,579
mulberry st.,17040 ventura blvd.,?,818-906-8881,pizza,580
ocean park cafe,3117 ocean park blvd.,santa monica,310-452-5728,american,581
ocean star,145 n. atlantic blvd.,monterey park,?,?,582
original pantry bakery,875 s. figueroa st. downtown,la,213-627-6879,?,?
parkway grill,510 s. arroyo pkwy.,?,818-795-1001,californian,584
pho hoa,642 broadway,chinatown,213-626-5530,vietnamese,585
pink's famous chili dogs,709 n. la brea ave.,la,213-931-4223,?,586
poquito mas,2635 w. olive ave.,?,?,mexican,587
r-23,923 e. third st.,los angeles,213-687-7178,?,?
rae's,2901 pico blvd.,santa monica,310-828-7937,?,589
rubin's red hots,15322 ventura blvd.,encino,818-905-6515,hot dogs,590
ruby's (la),45 s. fair oaks ave.,?,818-796-7829,?,591
russell's burgers,1198 pch,seal beach,?,hamburgers,592
ruth's chris steak house (los angeles),224 s. beverly dr.,beverly hills,310-859-8744,steakhouses,?
shiro,1505 mission st. s.,?,?,pacific new wave,594
sushi nozawa,11288 ventura blvd.,?,818-508-7017,japanese,595
sweet lady jane,8360 melrose ave.,la,213-653-7145,desserts,?
taiko,11677 san vicente blvd.,brentwood,310-207-7782,noodle shops,597
tommy's,2575 beverly blvd.,la,?,?,598
uncle bill's pancake house,1305 highland ave.,manhattan beach,310-545-5177,diners,599
water grill,544 s. grand ave.,?,213-891-0900,?,?
zankou chicken,1415 e. colorado st.,glendale,818-244-1937,middle eastern,601
afghan kebab house,764 ninth ave.,new york city,212-307-1612,?,602
arcadia,21 e. 62nd st.,?,212-223-2900,?,?
benny's burritos,93 ave. a,?,212-254-2054,mexican,604
cafe con leche,424 amsterdam ave.,new york city,212-595-7000,cuban,605
corner bistro,331 w. fourth st.,?,212-242-9502,hamburgers,606
cucina della fontana,368 bleecker st.,new york city,?,italian,607
cucina di pesce,87 e. fourth st.,new york city,212-260-6800,seafood,608
darbar,44 w. 56th st.,?,212-432-7227,indian,609
ej's luncheonette,432 sixth ave.,new york city,212-473-5555,diners,?
edison cafe,228 w. 47th st.,new york city,?,diners,611
elias corner,24-02 31st st.,queens,718-932-1510,greek,?
good enough to eat,483 amsterdam ave.,new york city,?,?,613
gray's papaya,2090 broadway,new york city,212-799-0243,?,614
il mulino,86 w. third st.,new york city,212-673-3783,italian,615
jackson diner,37-03 74th st.,queens,718-672-1232,indian,?
joe's shanghai,9 pell st.,?,?,chinese,617
john's pizzeria,48 w. 65th st.,new york city,212-721-7001,pizza,618
kelley & ping,127 greene st.,?,212-228-1212,pan-asian,?
kiev,117 second ave.,new york city,212-674-4040,?,620
kuruma zushi,2nd fl.,new york city,212-317-2802,?,621
la caridad,2199 broadway,new york city,?,cuban,?
la grenouille,3 e. 52nd st.,new york city,212-752-1495,french (classic),623
lemongrass grill,61a seventh ave.,brooklyn,?,thai,?
lombardi's,32 spring st.,?,212-941-7994,pizza,?
marnie's noodle shop,466 hudson st.,?,?,asian,626
menchanko-tei,39 w. 55th st.,new york city,212-247-1585,japanese,?
mitali east-west,296 bleecker st.,?,212-989-1367,?,628
monsoon (ny),435 amsterdam ave.,new york city,212-580-8686,thai,?
moustache,405 atlantic ave.,brooklyn,718-852-5555,middle eastern,?
nobu,105 hudson st.,?,?,japanese,631
one if by land  tibs,17 barrow st.,new york city,?,continental,632
oyster bar,lower level,new york city,212-490-6650,seafood,633
palm,837 second ave.,?,212-687-2953,?,634
palm too,840 second ave.,?,212-697-5198,steakhouses,?
patsy's pizza,19 old fulton st.,brooklyn,718-858-4300,?,636
peter luger steak house,178 broadway,brooklyn,718-387-7400,steakhouses,637
rose of india,308 e. sixth st.,new york city,212-533-5011,indian,638
sam's noodle shop,411 third ave.,new york city,212-213-2288,chinese,639
sarabeth's,1295 madison ave.,new york city,?,?,640
sparks steak house,210 e. 46th st.,?,212-687-4855,?,?
stick to your ribs,5-16 51st ave.,queens,718-937-3030,?,?
sushisay,38 e. 51st st.,?,212-755-1780,japanese,643
sylvia's,328 lenox ave.,new york city,212-996-0660,southern/soul,644
szechuan hunan cottage,1588 york ave.,new york city,?,?,?
szechuan kitchen,1460 first ave.,?,?,chinese,646
teresa's,80 montague st.,?,718-520-2910,?,647
thai house cafe,151 hudson st.,?,?,thai,648
thailand restaurant,106 bayard st.,?,?,thai,649
veselka,144 second ave.,?,212-228-9682,ukrainian,650
westside cottage,689 ninth ave.,new york city,?,chinese,651
windows on the world,107th fl.,new york city,?,eclectic,652
wollensky's grill,205 e. 49th st.,new york city,?,steakhouses,653
yama,122 e. 17th st.,new york city,212-475-0969,?,654
zarela,953 second ave.,new york city,212-644-6740,mexican,655
andre's french restaurant,401 s. 6th st.,las vegas,702-385-5016,french (classic),?
buccaneer bay club,3300 las vegas blvd. s.,las vegas,702-894-7350,continental,657
buzio's in the rio,3700 w. flamingo rd.,las vegas,702-252-7697,seafood,658
emeril's new orleans fish house,3799 las vegas blvd. s.,las vegas,702-891-7374,?,659
fiore rotisserie & grille,3700 w. flamingo rd.,?,702-252-7702,italian,?
hugo's cellar,202 e. fremont st.,las vegas,?,continental,661
madame ching's,3300 las vegas blvd. s.,?,?,asian,?
mayflower cuisinier,4750 w. sahara ave.,las vegas,702-870-8432,chinese,663
michael's (las vegas),3595 las vegas blvd. s.,las vegas,702-737-7111,?,664
monte carlo,3145 las vegas blvd. s.,?,702-733-4524,french (new),665
moongate,3400 las vegas blvd. s.,?,?,?,666
morton's of chicago (las vegas),3200 las vegas blvd. s.,las vegas,702-893-0703,?,?
nicky blair's,3925 paradise rd.,las vegas,?,italian,?
piero's restaurant,355 convention center dr.,las vegas,702-369-2305,italian,?
spago (las vegas),3500 las vegas blvd. s.,las vegas,?,californian,670
steakhouse  the,128 e. fremont st.,?,702-382-1600,steakhouses,671
stefano's,129 fremont st.,?,702-385-7111,?,672
sterling brunch,3645 las vegas blvd. s.,las vegas,702-739-4651,?,673
tre visi,3799 las vegas blvd. s.,las vegas,702-891-7331,?,674
103 west,103 w. paces ferry rd.,atlanta,404-233-5993,continental,675
alon's at the terrace,659 peachtree st.,atlanta,404-724-0444,sandwiches,676
baker's cajun cafe,1134 euclid ave.,atlanta,?,cajun/creole,677
barbecue kitchen,1437 virginia ave.,atlanta,404-766-9906,bbq,678
bistro  the,56 e. andrews dr. nw,atlanta,404-231-5733,french bistro,679
bobby & june's kountry kitchen,375 14th st.,atlanta,404-876-3872,?,680
bradshaw's restaurant,2911 s. pharr court,atlanta,404-261-7015,southern/soul,681
brookhaven cafe,4274 peachtree rd.,?,?,?,682
cafe sunflower,5975 roswell rd.,atlanta,404-256-1675,health food,683
canoe,4199 paces ferry rd.,atlanta,770-432-2663,american (new),?
carey's,1021 cobb pkwy. se,?,770-422-8042,hamburgers,685
carey's corner,1215 powers ferry rd.,marietta,770-933-0909,hamburgers,?
chops,70 w. paces ferry rd.,atlanta,404-262-2675,?,?
chopstix,4279 roswell rd.,?,?,chinese,688
deacon burton's soulfood restaurant,1029 edgewood ave. se,atlanta,404-523-1929,southern/soul,689
eats,600 ponce de leon ave.,atlanta,?,italian,690
flying biscuit  the,1655 mclendon ave.,?,404-687-8888,eclectic,691
frijoleros,1031 peachtree st. ne,?,404-892-8226,tex-mex,692
greenwood's,1087 green st.,?,?,southern/soul,?
harold's barbecue,171 mcdonough blvd.,?,404-627-9268,?,694
havana sandwich shop,2905 buford hwy.,?,404-636-4094,cuban,?
house of chan,2469 cobb pkwy.,smyrna,?,?,696
indian delights,3675 satellite blvd.,duluth,?,indian,697
java jive,790 ponce de leon ave.,atlanta,?,coffee shops,?
johnny rockets (at),2970 cobb pkwy.,atlanta,770-955-6068,american,?
kalo's coffee house,1248 clairmont rd.,decatur,404-325-3733,coffeehouses,?
la fonda latina,4427 roswell rd.,atlanta,404-303-8201,spanish,701
lettuce souprise you (at),3525 mall blvd.,duluth,770-418-9969,cafeterias,702
majestic,1031 ponce de leon ave.,atlanta,?,diners,703
morton's of chicago (atlanta),303 peachtree st. ne,atlanta,404-577-4366,steakhouses,704
my thai,1248 clairmont rd.,?,404-636-4280,thai,705
nava,3060 peachtree rd.,atlanta,404-240-1984,southwestern,706
nuevo laredo cantina,1495 chattahoochee ave. nw,atlanta,404-352-9009,mexican,?
original pancake house (at),4330 peachtree rd.,atlanta,404-237-4116,american,708
palm  the (atlanta),3391 peachtree rd. ne,atlanta,404-814-1955,?,709
rainbow restaurant,2118 n. decatur rd.,decatur,404-633-3538,vegetarian,?
ritz-carlton cafe (atlanta),181 peachtree st.,?,404-659-0400,american (new),711
riviera,519 e. paces ferry rd.,atlanta,?,mediterranean,712
silver skillet  the,200 14th st. nw,atlanta,404-874-1388,coffee shops,713
soto,3330 piedmont rd.,atlanta,404-233-2005,japanese,714
thelma's kitchen,764 marietta st. nw,?,?,cafeterias,715
tortillas,774 ponce de leon ave. ne,atlanta,?,tex-mex,?
van gogh's restaurant & bar,70 w. crossville rd.,roswell,770-993-1156,?,?
veggieland,220 sandy springs circle,atlanta,404-231-3111,vegetarian,718
white house restaurant,3172 peachtree rd. ne,?,404-237-7601,diners,?
zab-e-lee,4837 old national hwy.,college park,404-768-2705,thai,720
bill's place,2315 clement st.,san francisco,415-221-5262,?,721
cafe flore,2298 market st.,san francisco,415-621-8579,californian,722
caffe greco,423 columbus ave.,san francisco,?,continental,?
campo santo,240 columbus ave.,?,?,?,724
cha cha cha's,1805 haight st.,san francisco,?,caribbean,?
doidge's,2217 union st.,san francisco,415-921-2149,?,726
dottie's true blue cafe,522 jones st.,?,415-885-2767,diners,727
dusit thai,3221 mission st.,san francisco,415-826-4639,?,728
ebisu,1283 ninth ave.,san francisco,415-566-1770,japanese,?
emerald garden restaurant,1550 california st.,?,415-673-1155,vietnamese,?
eric's chinese restaurant,1500 church st.,san francisco,415-282-0919,?,731
hamburger mary's,1582 folsom st.,san francisco,?,?,732
kelly's on trinity,333 bush st.,san francisco,415-362-4454,californian,733
la cumbre,515 valencia st.,?,415-863-8205,?,734
la mediterranee,288 noe st.,san francisco,415-431-7210,mediterranean,?
la taqueria,2889 mission st.,san francisco,?,?,736
mario's bohemian cigar store cafe,2209 polk st.,?,?,italian,737
marnee thai,2225 irving st.,san francisco,?,thai,738
mel's drive-in,3355 geary st.,san francisco,415-387-2244,?,739
mo's burgers,1322 grant st.,san francisco,415-788-3779,?,740
phnom penh cambodian restaurant,631 larkin st.,?,?,?,741
roosevelt tamale parlor,2817 24th st.,?,415-550-9213,mexican,742
sally's cafe & bakery,300 de haro st.,san francisco,?,american,?
san francisco bbq,1328 18th st.,san francisco,415-431-8956,thai,744
slanted door,584 valencia st.,san francisco,415-861-8032,?,745
swan oyster depot,1517 polk st.,san francisco,415-673-1101,seafood,746
thep phanom,400 waller st.,?,?,thai,747
ti couz,3108 16th st.,san francisco,415-252-7373,french,748
trio cafe,1870 fillmore st.,san francisco,415-563-2248,?,749
tu lan,8 sixth st.,?,415-626-0927,?,?
vicolo pizzeria,201 ivy st.,san francisco,?,?,751
wa-ha-ka oaxaca mexican grill,2141 polk st.,?,415-775-1055,?,752
