Airline,Flight,AirportFrom,AirportTo,DayOfWeek,Time,Length,Delay
OO,4492,GJT,SLC,6,785,56,0
EV,5364,MGM,MEM,6,375,76,
FL,1016,BOS,MCO,7,703,205,
F9,231,BNA,DEN,5,880,173,
AS,662,SEA,DFW,5,730,230,
WN,3138,SAN,SAT,7,900,155,1
WN,793,JAN,HOU,3,810,80,1
WN,3237,PHL,MDW,6,1035,145,
WN,359,LAS,SNA,3,1055,65,1
F9,843,MDW,DEN,3,940,157,
WN,973,DEN,BWI,4,710,200,1
WN,1119,OMA,DEN,4,1155,100,1
WN,537,ONT,SMF,2,1145,80,1
UA,418,SAN,DEN,2,492,148,1
AA,1845,MIA,SJU,3,720,145,1
OO,6407,TUL,LAX,4,445,204,
OO,6893,SFO,PSP,4,559,83,
WN,193,MCI,PHX,6,925,185,
9E,4337,ATL,SGF,7,1170,116,
UA,467,DEN,SJC,1,1292,164,
US,1972,CLT,EWR,1,914,107,1
EV,5237,BOS,DCA,3,875,109,
EV,5572,CHS,ATL,1,1085,84,1
OO,6247,FAT,LAX,7,721,75,1
WN,380,MDW,JAN,2,950,125,1
MQ,4318,ORD,BWI,5,845,115,1
CO,214,DFW,IAH,3,340,59,1
YV,2833,TUS,PHX,1,405,47,
WN,1675,SLC,PDX,7,1115,125,1
AA,1267,MIA,SJU,7,1000,150,1
DL,1040,COS,ATL,4,400,170,1
DL,1531,DCA,MEM,6,370,149,1
MQ,3905,DAY,ORD,3,475,80,
WN,313,BWI,CLE,7,990,75,
OO,6761,IAD,MSY,4,737,170,
WN,1112,SEA,SLC,7,1095,110,1
OH,6643,BOS,DCA,4,395,114,1
US,1014,FLL,CLT,1,785,118,
XE,2356,BHM,IAH,3,900,112,1
UA,672,ORD,LGA,2,480,132,
FL,953,FLL,BWI,7,631,145,
DL,2003,OMA,MSP,5,436,74,
YV,7304,JAX,IAD,6,888,107,
EV,5185,SAV,ATL,6,692,73,1
OO,6297,BIL,DEN,1,1167,92,
OO,6239,BHM,DEN,7,450,190,1
WN,1162,AUS,HOU,3,610,50,
WN,3920,OKC,DEN,4,755,100,1
OO,6480,YUM,LAX,5,457,80,
OO,6820,RDD,SFO,5,360,78,
WN,1120,TUS,LAX,1,880,90,
EV,5177,ATL,CHA,3,810,48,
AA,1921,EWR,MIA,4,360,185,
XE,3012,IAH,IAD,1,1150,166,1
UA,354,SAN,DEN,3,908,144,
UA,604,ORD,IAH,7,1260,167,
AA,456,DFW,TPA,7,1015,135,
CO,1155,PBI,EWR,5,747,173,
MQ,3652,SDF,MIA,2,890,155,
FL,984,ATL,PIT,3,615,89,
DL,2005,CVG,SLC,7,1140,237,
DL,2184,SLC,CVG,2,600,203,
UA,199,MCO,ORD,7,857,177,
9E,3981,MSP,DSM,3,935,72,
XE,2467,GPT,IAH,7,1090,84,
WN,1174,BWI,CLE,3,1195,75,1
WN,1259,BNA,SAT,4,515,155,
WN,324,GEG,DEN,5,390,135,
DL,1435,ORF,ATL,2,583,115,
AA,689,ORF,DFW,1,380,220,
AA,1119,DCA,MIA,6,800,160,1
XE,2207,ICT,IAH,3,990,106,1
9E,3657,SYR,ATL,3,763,154,1
DL,2760,MIA,ATL,6,820,120,1
MQ,2872,DFW,LBB,7,705,70,1
MQ,3956,CID,ORD,2,515,65,1
OO,6976,ORD,CLE,7,480,71,
OO,7776,SLC,RKS,5,820,59,
AA,1380,DFW,IND,1,950,120,
DL,1026,DTW,ATL,1,716,130,1
EV,5244,MOB,ATL,5,460,83,
XE,3099,IAH,RDU,6,625,144,
WN,1015,OAK,SAN,5,885,80,
WN,1886,BDL,MDW,5,470,160,1
WN,1577,HOU,PHX,2,435,180,
FL,433,MKE,ATL,6,756,121,1
AA,902,MIA,DFW,1,810,195,
WN,221,DEN,PHX,1,585,120,1
DL,1598,FLL,LGA,1,540,170,
EV,5182,ATL,CAE,5,521,71,
UA,602,ORD,DCA,6,422,111,
OH,6609,JFK,RIC,1,666,90,
MQ,3701,DCA,ORD,1,945,125,1
MQ,3232,DFW,SGF,1,860,75,
WN,1013,PHX,AUS,4,640,125,
WN,1070,STL,MDW,2,590,60,1
DL,1991,ATL,TPA,3,590,100,
B6,594,MCO,HPN,7,734,155,
YV,7279,CHS,IAD,6,617,90,
MQ,3712,ORD,XNA,7,1110,105,
XE,5891,TUL,ORD,4,894,113,1
B6,1432,LGB,SFO,7,1215,82,1
WN,2131,TPA,BNA,7,1130,110,1
WN,1394,SEA,OAK,3,1215,125,
WN,2009,DEN,MCI,5,360,105,1
MQ,2872,DFW,LBB,5,705,70,
CO,1475,IAH,DFW,2,1270,65,1
9E,3831,ALB,DTW,1,1150,125,1
CO,1850,IAH,RDU,1,765,150,1
WN,3687,MCO,BUF,1,1185,155,1
9E,4019,AUS,MEM,2,965,110,1
9E,3681,DTW,DLH,1,1175,124,
OO,4860,SLC,ORD,7,1025,189,1
FL,872,MSP,ATL,5,680,146,
DL,2015,IAD,ATL,3,970,125,
MQ,3531,DFW,CLE,3,1125,145,1
F9,404,LAX,DEN,1,660,134,
WN,3101,PHX,LAS,7,1230,65,1
WN,1330,SMF,SAN,1,535,85,1
EV,7107,IAD,LGA,7,1055,85,1
B6,1292,PIT,BOS,2,565,93,
UA,407,ICT,DEN,3,992,95,
F9,609,IND,DEN,6,1195,165,
AA,674,ORD,MIA,3,335,185,1
US,1924,BNA,CLT,7,475,78,
AA,1843,BOS,ORD,2,360,175,
FL,596,ATL,ROC,7,1325,128,1
UA,478,SFO,PDX,5,705,103,
FL,1039,TPA,PIT,2,967,137,
F9,834,SEA,DEN,1,893,152,
9E,4205,RIC,DTW,4,580,115,
OO,6383,SBA,SFO,2,1176,80,
EV,5441,CVG,IAH,4,555,175,
AA,632,LAS,DFW,6,770,155,
WN,1782,OAK,ONT,5,800,70,1
OO,3110,MKE,CAK,6,475,78,1
US,1208,PHX,PHL,7,955,258,1
US,1911,LGA,PHL,5,360,57,1
YV,2999,IAD,CLT,7,565,115,
MQ,4085,ABE,ORD,2,755,140,
WN,47,HOU,CRP,5,1170,50,1
AA,2024,DFW,BNA,6,730,100,1
XE,5941,ORD,LNK,2,495,99,
DL,1518,MCO,ATL,1,330,84,
CO,155,PBI,EWR,4,840,181,
DL,2214,SEA,MSP,3,677,193,1
WN,2239,MDW,SAN,5,1130,275,1
XE,2640,EWR,GRR,4,935,127,1
WN,2597,TUL,DAL,7,925,60,1
XE,2453,IAH,BRO,5,550,74,1
B6,131,JFK,RSW,5,360,190,1
MQ,4244,DSM,ORD,2,540,80,
XE,5981,ORD,OKC,6,715,133,1
OO,6651,LAX,RNO,7,525,85,1
OH,6682,BWI,CVG,5,671,109,1
OO,6520,ORD,MBS,3,795,60,
9E,4183,CHS,DTW,4,982,133,1
DL,2147,LGA,ATL,2,780,160,1
UA,532,DEN,ORD,2,360,143,1
FL,1411,CAK,RSW,1,425,174,1
WN,1854,DTW,MDW,3,640,75,
UA,81,LAX,HNL,7,530,344,
DL,1581,TUS,ATL,2,520,203,1
WN,992,FLL,BUF,5,670,185,
AA,161,LAX,OGG,5,1035,360,
B6,445,BOS,TPA,6,1230,199,1
OO,4855,BIL,SLC,7,708,82,
AA,1204,ABQ,DFW,7,640,100,
OH,6543,BHM,LGA,3,885,148,1
AA,642,SAT,DFW,6,1040,70,
FL,82,FLL,ATL,6,857,116,
MQ,3934,ORD,FSD,2,1240,100,
EV,5522,ICT,ATL,7,408,137,
9E,4236,CLT,CVG,2,1065,99,1
US,1165,PHL,CLT,4,1245,105,1
WN,617,MDW,MCI,2,1185,90,1
DL,1463,DCA,MSP,1,1200,176,1
DL,1499,DTW,MKE,7,740,74,1
B6,334,MCO,IAD,5,885,120,
AS,236,PDX,SAN,4,415,145,1
DL,1552,MKE,DTW,7,625,78,1
F9,496,CAK,DEN,7,375,202,1
MQ,2805,ROW,DFW,1,635,85,
FL,81,ATL,FLL,7,934,111,
UA,672,ORD,LGA,3,480,132,
OO,6544,ASE,DEN,2,682,45,
YV,7278,MCI,IAD,6,491,141,
XE,2325,EWR,GSO,5,990,104,
FL,36,ATL,MDW,4,1100,115,1
CO,169,LAS,EWR,1,702,287,1
EV,7127,HSV,IAD,7,1106,105,1
WN,3950,BWI,SAT,1,1145,245,1
UA,517,IAD,DEN,7,746,233,
EV,4944,CAK,DTW,6,815,70,
XE,2148,BNA,EWR,7,735,132,
US,87,SEA,PHL,1,695,303,
US,909,ORD,CLT,6,455,114,1
FL,334,ATL,PHL,4,856,126,
EV,5164,ATL,DAY,6,841,94,
AA,1841,DFW,TUS,7,565,145,1
XE,2730,IAH,PHX,7,455,170,
OO,6717,DEN,PSP,2,1119,135,
DL,2226,FLL,ATL,5,605,113,
DL,1055,DTW,MSP,1,1185,120,1
OO,6663,EUG,DEN,4,879,145,1
WN,3,LIT,DAL,4,360,70,
OO,6680,DEN,ASE,1,1297,47,
OO,6501,DEN,LIT,4,960,116,1
WN,2706,MDW,BWI,4,735,110,1
XE,2611,CLE,SDF,1,1025,72,1
FL,683,ATL,ICT,3,625,148,
DL,1799,ATL,PVD,5,574,150,1
F9,652,DEN,MDW,5,1140,137,
XE,2843,DCA,CLE,5,880,70,
DL,2988,MCO,CVG,7,970,133,1
US,88,PHX,PDX,7,675,169,
F9,214,DEN,AUS,2,1190,122,1
WN,729,LAS,RNO,2,445,75,
DL,1972,TPA,ATL,3,330,85,
AA,708,AUS,DFW,3,360,60,
WN,128,DEN,LAS,7,1085,120,1
DL,431,ATL,CLT,5,970,80,
WN,2240,LAS,TUS,5,840,75,1
WN,958,DAL,STL,4,1105,100,1
US,1882,CLT,RIC,6,1345,63,
DL,2326,FLL,ATL,1,545,115,
OO,7798,SLC,COD,3,1304,89,
MQ,2710,XNA,DFW,6,420,75,
XE,2394,EWR,MCI,3,965,199,1
MQ,4272,TVC,ORD,7,870,75,1
MQ,4595,LGA,RDU,4,700,105,1
WN,2010,MCI,MDW,1,930,80,1
OO,6335,LAX,SAN,2,911,45,
FL,520,TPA,BWI,3,673,130,1
US,1470,PHL,SYR,5,1240,64,
AS,882,KOA,SEA,4,565,337,
US,1484,MCO,DCA,3,710,123,1
XE,2518,EWR,OMA,4,809,195,
UA,270,ONT,DEN,4,465,144,
CO,1834,EWR,SEA,1,1210,378,
WN,497,BWI,LAS,4,815,340,1
WN,2807,ONT,LAS,7,630,60,
WN,1279,MCO,HOU,7,1125,155,1
DL,1754,LAX,ATL,2,695,250,
CO,476,SJU,EWR,3,810,256,
EV,5242,ATL,SAV,1,510,72,
OO,4782,SFO,LAX,5,1220,90,
OO,6250,PDX,RDM,5,790,38,
9E,4137,ORF,DTW,3,1115,125,1
YV,2817,LAX,LAS,2,1195,64,
XE,3006,IAH,IAD,1,440,169,1
MQ,3661,MIA,IND,7,900,165,1
AA,1332,DFW,ATL,4,1230,115,
WN,3584,DEN,MDW,6,1210,135,
MQ,2868,MLI,DFW,3,1015,135,1
XE,2354,IAH,SDF,7,510,133,1
WN,895,BNA,DEN,1,1070,185,1
UA,318,SFO,DEN,4,955,151,1
CO,166,SEA,IAH,3,495,247,
UA,68,LIH,LAX,3,1299,327,
OO,6548,IND,ORD,1,1150,75,1
EV,5334,ABY,ATL,4,660,58,
HA,595,OGG,HNL,2,1275,33,
UA,723,DFW,DEN,1,931,127,
DL,1171,PIT,ATL,6,1046,127,
WN,3023,TPA,MSY,5,495,105,
9E,3980,MEM,MSN,1,1145,104,1
OO,7053,DEN,GEG,1,938,146,
WN,2461,AMA,DAL,3,830,65,1
CO,1452,AUS,IAH,5,660,57,
WN,704,RNO,BOI,2,500,65,
OO,7048,SLC,ORD,2,493,188,1
AA,1873,MCO,MIA,7,1220,65,1
XE,2866,MKE,IAH,1,815,172,1
MQ,3915,TUL,ORD,4,675,115,1
OH,6320,HTS,CVG,6,465,54,
9E,4274,AMA,MEM,6,355,120,
AA,1558,DFW,TUL,3,655,60,1
MQ,3639,MIA,CLT,1,1290,125,
WN,1693,MCI,DAL,1,955,90,1
DL,2461,ATL,MSY,3,970,99,1
DL,2425,BWI,ATL,3,1050,129,
XE,2860,MKE,IAH,7,640,170,
OO,6501,DEN,LIT,4,960,116,1
9E,3708,ATL,SAV,3,993,69,1
OO,6299,MKG,ORD,7,365,53,
WN,1106,LAX,OAK,4,635,75,
OO,6923,SFO,ACV,4,1140,79,
HA,303,HNL,LIH,7,535,37,
CO,739,IAH,SAN,6,550,212,1
XE,2386,IAH,GSO,5,610,140,1
WN,2794,HOU,OAK,1,635,255,1
OH,6706,RIC,DTW,5,751,119,1
B6,684,DCA,BOS,6,855,83,
OH,6573,CVG,ORD,4,980,82,
DL,2533,BOS,MCO,4,420,207,1
DL,2518,MCO,ATL,2,990,100,
WN,35,HOU,MSY,7,995,65,
AS,61,CDV,ANC,6,813,47,
MQ,3704,ELP,ORD,5,400,175,1
B6,1222,RDU,BOS,4,535,100,
WN,2785,FLL,PHL,3,710,175,1
UA,634,ORD,EWR,3,365,125,
WN,571,DEN,MDW,6,910,135,1
EV,5326,TRI,ATL,7,1002,67,1
EV,5483,ATL,CLE,2,1055,115,1
9E,4305,TYS,ATL,3,340,67,1
DL,1675,MEM,PHX,5,562,212,
WN,1065,BNA,DEN,1,750,180,1
UA,134,SFO,ORD,6,518,263,1
WN,1566,DAL,MCI,7,785,85,1
EV,5215,LWB,ATL,3,761,89,0
US,2182,DCA,LGA,1,1080,84,0
XE,2724,IAH,GRK,5,1165,60,1
MQ,2843,TXK,DFW,6,655,60,0
WN,1110,TPA,BDL,4,1190,165,1
MQ,3270,DFW,MOB,1,780,95,0
WN,2885,SMF,PDX,7,870,90,0
AA,819,OMA,DFW,6,935,115,0
AA,1086,DFW,HSV,1,1175,95,1
FL,70,FLL,ATL,1,1181,114,1
WN,945,PHL,RDU,1,675,80,0
WN,2819,TPA,FLL,6,450,60,0
EV,4950,GNV,ATL,2,608,82,1
WN,1815,HOU,JAN,7,1165,70,0
EV,7123,BTV,IAD,1,336,110,0
EV,5532,ECP,ATL,3,330,69,0
OO,6819,PDX,SFO,4,900,103,1
AA,354,ORD,LGA,5,1055,125,0
XE,5890,CLE,ORD,3,635,87,0
WN,155,SFO,SAN,7,1150,85,1
DL,2695,DCA,MIA,5,940,159,1
US,948,CLT,CLE,3,1189,97,1
YV,7290,IAD,ORF,7,1055,61,0
UA,605,DCA,ORD,4,465,132,1
FL,964,ATL,ACY,3,923,116,1
XE,2496,IAH,SDF,4,1000,125,0
OO,3116,MKE,CAK,4,945,77,1
DL,1616,DEN,ATL,4,440,168,0
DL,2567,DTW,ORD,4,1040,85,1
FL,618,MKE,MSY,2,840,135,0
AA,1433,MIA,MSY,5,640,130,0
US,1458,CLT,JFK,2,1329,114,0
UA,956,ORD,BWI,2,985,113,0
DL,2241,BOI,SLC,3,794,67,
UA,287,PVD,ORD,4,390,164,1
CO,1527,BWI,IAH,6,895,214,1
OH,6334,RDU,JFK,6,420,116,0
CO,733,LGA,IAH,3,449,240,0
AA,1034,DEN,DFW,4,640,120,0
CO,1,IAH,HNL,2,565,505,0
DL,2383,ATL,JAX,1,730,70,1
OO,6352,BOI,SFO,4,1070,105,0
FL,372,ATL,LGA,4,1101,128,0
WN,795,OKC,HOU,2,1075,80,1
DL,519,DEN,MSP,3,375,129,0
US,938,RSW,CLT,1,510,111,1
AA,349,FLL,DFW,7,950,195,0
OO,3067,STL,MKE,4,745,77,1
WN,823,BOS,MDW,5,1010,170,1
MQ,4605,RDU,LGA,7,980,95,0
9E,3722,PWM,DTW,7,742,138,1
US,1596,PHL,MHT,5,965,80,0
XE,2412,IAH,OKC,1,1175,88,0
FL,27,MDW,ATL,2,711,109,0
WN,2091,HOU,STL,5,855,115,1
US,1024,SJU,PHL,1,940,244,1
US,454,BWI,PHX,4,1020,311,0
F9,428,DEN,ATL,2,800,168,1
MQ,2944,MAF,DFW,3,1105,70,0
AA,874,ORD,BOS,3,1150,135,0
9E,3912,ICT,MEM,1,720,92,0
WN,3318,SMF,SAN,4,865,85,1
F9,130,DEN,DFW,4,635,112,0
US,656,PHX,SNA,6,1270,80,0
EV,5314,PHF,ATL,3,464,130,0
AA,133,JFK,LAX,4,930,390,1
DL,1441,ATL,LIT,4,1227,96,1
EV,5464,OMA,DTW,7,810,119,0
WN,42,DAL,LBB,3,1070,65,1
WN,1096,SMF,LAS,5,770,80,1
EV,5226,AVL,ATL,5,597,63,1
AA,374,TUS,ORD,7,410,205,0
OO,7774,SGU,SLC,6,1078,77,0
AA,2301,ORD,DFW,1,360,150,1
MQ,3750,MSP,ORD,3,1175,90,0
XE,5971,GRB,ORD,7,555,60,0
9E,3804,CLE,ATL,3,335,128,0
XE,2464,RIC,EWR,1,630,75,0
WN,1013,DEN,MDW,4,1075,135,0
AS,474,SEA,LAX,5,1055,157,0
WN,2361,HOU,PHX,3,435,180,1
9E,4373,LSE,DTW,1,380,102,0
OO,4553,LAX,LAS,5,375,70,0
DL,2685,LGA,MCO,3,415,170,0
EV,7134,DTW,IAD,3,1160,90,0
CO,438,EWR,MIA,5,760,210,0
9E,3889,ORD,ATL,2,619,132,1
MQ,3711,ORD,LIT,1,910,115,1
DL,2779,LGA,FLL,3,1135,200,0
AA,728,LAS,DFW,3,425,160,1
WN,1489,MSY,DAL,4,1100,90,1
UA,836,ORD,BOS,5,1105,136,0
DL,1222,SLC,ATL,6,1020,219,0
WN,740,LAS,STL,5,795,190,1
9E,4334,JAX,CVG,5,960,122,0
WN,1653,BWI,BHM,1,620,135,1
OH,6425,MSP,CVG,1,910,114,0
WN,2640,TPA,CMH,3,600,135,0
UA,36,OGG,SFO,1,1329,300,0
WN,1328,ONT,SMF,7,1235,80,1
OO,7027,DEN,SLC,3,921,85,0
B6,291,SEA,LGB,7,638,154,0
WN,614,IND,BWI,2,900,95,0
OO,6479,LIT,DEN,4,930,145,1
WN,553,DAL,TUL,3,1255,55,1
WN,903,LAX,LAS,4,1230,60,1
FL,1495,MCI,MCO,1,818,158,0
UA,794,ORD,BUF,7,860,95,1
UA,962,CMH,DEN,5,938,202,0
CO,767,IAH,SEA,3,900,281,1
US,1270,PHL,BOS,4,615,88,0
YV,7212,ROC,IAD,7,870,78,1
MQ,3374,CVG,DFW,4,795,165,0
B6,30,JFK,ROC,1,1350,81,1
EV,5556,BTR,ATL,6,960,92,0
UA,622,ORD,DCA,4,1025,111,0
OH,6266,IAD,DTW,3,573,107,1
WN,1339,MCO,MCI,5,520,185,0
DL,1130,MEM,ATL,2,940,84,1
WN,644,LAS,BUR,7,895,70,1
DL,1447,LGA,ATL,7,360,167,0
OO,6843,CWA,ORD,3,408,68,0
WN,2219,SMF,ONT,6,1100,75,0
MQ,2863,DFW,CVG,7,740,130,1
DL,1721,DTW,TPA,2,1190,163,0
UA,405,LGA,DEN,1,626,272,1
US,238,PHX,DTW,5,55,225,1
FL,1134,ROC,TPA,7,460,184,1
WN,973,DEN,BNA,3,635,145,1
WN,866,ABQ,DEN,3,940,80,1
XE,2179,PNS,IAH,1,900,102,0
WN,1992,SAT,PHX,4,515,150,0
OO,6965,AVL,ORD,3,361,109,0
WN,1610,ORF,TPA,5,1065,135,1
AS,633,PHX,SEA,7,895,187,0
9E,4314,DTW,ORF,3,420,114,0
WN,3934,TPA,PHL,2,835,155,1
DL,1792,SAN,ATL,7,1365,238,1
EV,4959,ATL,ABY,7,1236,53,1
FL,446,ATL,MSY,3,807,89,1
UA,625,DCA,ORD,6,1005,136,0
US,948,CLT,CLE,3,1189,97,0
OH,6310,BNA,CVG,1,965,65,0
OO,7794,SLC,SUN,7,1005,71,0
FL,507,MKE,LGA,7,590,133,0
OO,4801,IAH,SLC,3,850,195,1
WN,982,PVD,PHL,4,1205,85,0
WN,20,BWI,HOU,5,465,225,0
MQ,3301,DFW,SGF,6,1350,70,0
FL,727,MKE,DFW,3,540,145,0
EV,5345,ATL,SHV,3,1305,113,0
UA,540,SFO,IAD,4,597,304,0
US,1856,MCO,CLT,7,525,96,0
US,1208,SAN,PHX,7,755,76,1
WN,3753,SFO,LAS,7,1265,80,1
US,567,PHX,MCO,2,599,246,1
OO,6332,EUG,PDX,7,974,37,1
EV,5187,LEX,ATL,3,616,88,0
AS,191,ANC,FAI,3,1140,56,0
US,1416,LAX,PHL,2,835,298,1
FL,79,ATL,FLL,6,1325,105,1
DL,2940,OAK,SLC,1,365,108,0
YV,2907,PHX,GJT,4,1184,125,1
US,1124,CLT,LGA,4,1205,110,0
DL,2077,BDL,DTW,5,987,128,0
AA,1352,AUS,DFW,5,420,65,0
DL,1599,ATL,PIT,5,1319,109,0
MQ,4253,ORD,ICT,2,480,115,0
AA,447,CLT,DFW,4,1045,185,1
WN,793,MDW,JAN,2,660,120,1
AA,161,LAX,OGG,1,1035,360,0
WN,134,DEN,TPA,3,630,210,1
WN,156,MDW,BWI,3,555,110,0
MQ,3745,ORD,PHL,3,980,115,0
WN,844,RDU,BNA,7,670,95,0
AA,2029,LGA,MIA,7,479,195,1
B6,1292,PIT,BOS,2,565,93,1
9E,4388,IAD,DTW,5,375,108,0
AA,1017,STL,DFW,3,1130,115,1
9E,4296,MEM,GPT,7,875,80,0
CO,1849,FLL,IAH,1,720,171,0
XE,2576,IAH,BHM,7,660,94,0
WN,1995,DAL,LIT,7,620,60,0
OO,6945,DEN,OKC,6,847,89,0
B6,443,BOS,TPA,6,507,204,1
WN,139,LGA,BWI,4,710,75,1
WN,1122,DEN,OAK,5,515,175,0
WN,1814,MSY,MCO,3,995,100,1
WN,1745,SEA,DEN,6,420,160,1
AA,1965,DFW,SFO,2,535,240,1
MQ,3045,DEN,LAX,7,950,150,0
AA,1430,DFW,TPA,7,475,135,1
OH,6763,JFK,SYR,5,910,86,0
MQ,4014,ORD,IND,6,610,60,0
F9,674,DEN,MCO,7,645,212,1
OO,6554,DEN,FAR,3,797,107,1
YV,1023,HNL,KOA,7,545,40,0
AA,1789,ICT,DFW,4,400,85,0
MQ,3395,DFW,BTR,7,1080,75,0
DL,2438,ATL,DCA,2,680,106,1
DL,2201,BOS,ATL,5,1035,183,1
DL,1661,DTW,ATL,1,370,136,1
US,482,DEN,PHL,7,675,208,0
9E,4111,BGM,DTW,6,740,100,1
9E,3880,MEM,LEX,1,525,85,0
EV,5281,ATL,CAK,2,1220,101,1
US,930,CLT,ORF,7,1186,64,0
AS,104,ANC,SEA,1,1140,202,0
US,2131,BOS,LGA,5,840,77,0
MQ,2816,MHK,DFW,7,460,100,0
OO,6229,SFO,AUS,2,1131,203,1
US,1766,CLT,DCA,3,890,80,0
OO,4747,LAX,LAS,3,877,69,0
WN,1006,DEN,ABQ,2,560,70,1
WN,2026,SJC,SNA,1,660,75,1
EV,5498,GSO,ATL,5,430,104,0
MQ,4130,MDT,ORD,2,995,135,1
B6,1323,BOS,BWI,6,600,91,1
WN,987,SNA,OAK,4,475,85,0
WN,2418,MCO,IND,5,650,150,0
WN,802,PHX,MSP,4,1120,185,0
WN,2049,SAN,SJC,4,1130,80,0
US,1702,TPA,CLT,5,815,97,0
UA,272,SFO,LAX,5,460,87,0
US,1406,PHL,BOS,6,1230,73,1
DL,41,MSP,LAX,7,1170,252,1
9E,4009,IND,MSP,7,410,118,1
DL,2269,ATL,MCO,2,720,85,1
AA,4,LAX,JFK,5,745,335,0
XE,2638,EWR,MHT,3,645,79,0
UA,309,MCO,DEN,7,670,252,1
MQ,4091,ORD,BNA,5,535,90,1
MQ,3823,MSP,ORD,5,780,95,1
MQ,4074,XNA,ORD,3,940,105,0
DL,2347,LGA,ATL,3,900,163,
WN,2893,HOU,OKC,6,475,80,1
WN,364,SAN,SFO,4,615,105,1
FL,411,PWM,BWI,5,361,109,
MQ,3661,MIA,IND,2,900,165,1
OO,6268,DEN,TUS,7,676,120,1
9E,3763,FSM,MEM,1,697,67,
US,1753,CLT,TPA,7,1070,99,
DL,2583,ATL,SLC,2,500,265,1
HA,168,HNL,KOA,5,625,43,
WN,2993,MKE,BWI,1,780,120,1
DL,2588,ATL,SMF,2,510,327,
EV,5232,ATL,CHA,7,1221,46,
FL,398,SEA,ATL,5,1439,305,1
AS,188,FAI,ANC,6,945,63,1
WN,2026,LAS,IND,1,760,215,1
MQ,2782,LEX,DFW,7,385,160,
MQ,3943,ORD,TUL,4,520,120,1
EV,5326,ATL,TRI,5,915,62,1
FL,58,LAX,ATL,3,1435,250,1
MQ,3605,MIA,CVG,4,450,160,
9E,3672,LBB,MEM,7,705,117,
EV,5341,ATL,HSV,6,980,63,1
B6,241,OAK,LGB,4,1215,76,
HA,28,HNL,SEA,5,1420,340,1
F9,652,SFO,DEN,5,890,147,
DL,1315,DTW,SLC,1,725,242,1
OO,6366,PSP,SFO,6,996,91,
OO,6689,ORD,MSN,4,435,48,
UA,575,BWI,ORD,4,706,132,1
XE,2505,CLE,RIC,3,925,74,0
DL,2046,PHX,ATL,3,998,212,0
WN,1924,FLL,ISP,4,430,165,0
XE,2228,MEM,EWR,3,865,162,1
WN,1939,SMF,LAS,6,805,80,1
9E,3871,DTW,SYR,6,615,82,1
US,1614,MCO,PHL,7,615,139,1
F9,411,DEN,LAX,7,1090,147,0
FL,319,CLT,ATL,2,1049,76,1
MQ,4157,BNA,ORD,4,1120,105,0
YV,2680,LIT,CLT,1,981,113,1
OO,6310,LAX,PSP,5,1167,53,1
9E,3994,MSP,RST,4,860,50,0
DL,1708,DEN,MSP,1,675,121,1
YV,2674,LAX,LAS,5,990,64,0
WN,2016,BWI,BDL,4,1190,65,1
YV,2751,PHX,SBP,2,1258,101,0
WN,2287,RSW,PHL,2,950,165,
DL,2157,SLC,SEA,6,686,131,0
DL,2201,BOS,ATL,4,1035,183,1
EV,5487,BNA,ATL,5,960,69,0
XE,2266,EWR,DTW,4,603,122,0
FL,785,MCO,PHF,6,948,102,0
FL,842,MCO,ATL,5,761,92,0
FL,815,BWI,BOS,3,1000,75,0
OO,6670,SBP,SFO,3,413,65,0
AA,334,DFW,BNA,5,440,100,0
DL,2021,DTW,PHX,3,925,268,1
FL,1082,MCO,STL,6,946,149,0
US,1290,PHL,LGA,2,1370,50,0
9E,4277,MEM,AMA,1,820,120,0
B6,616,JAX,JFK,7,1029,140,1
WN,601,SJC,LAX,4,725,70,1
MQ,4305,ORD,IND,4,1170,60,1
OH,6367,CHS,ATL,5,605,85,0
WN,1952,LAX,DEN,7,690,135,1
AA,1662,LAS,ORD,6,970,210,0
EV,5570,ATL,TRI,7,665,73,1
XE,2597,IAH,SAV,3,1180,126,0
FL,448,ATL,MSY,1,530,99,1
OO,6710,ORD,CVG,4,805,76,0
MQ,3031,LAX,SAN,3,870,45,0
WN,186,LAS,DEN,4,630,110,1
CO,1535,EWR,PHX,7,405,340,0
DL,1174,ATL,BUF,7,645,132,0
AA,469,STL,MIA,1,710,160,1
WN,106,DAL,MSY,4,1175,80,0
9E,4159,CID,DTW,7,1055,100,0
OO,6479,LIT,DEN,4,930,145,0
XE,2509,STL,IAH,3,880,118,0
WN,2381,LGA,MDW,5,1165,160,1
WN,518,DEN,MCI,1,870,90,0
EV,7075,HSV,ORD,4,918,119,0
WN,313,BWI,CLE,3,990,75,0
WN,610,BWI,ABQ,4,945,280,1
MQ,4181,ORD,GRB,1,705,55,0
US,1690,RSW,CLT,5,1035,114,0
WN,383,PVD,BWI,2,625,80,1
AA,2228,HDN,DFW,6,835,130,0
WN,1684,MKE,BWI,1,880,120,1
YV,2775,PHX,MRY,3,659,114,0
WN,1345,ABQ,PHX,1,735,75,1
WN,2525,BWI,ABQ,4,610,280,1
DL,1583,RSW,CVG,4,365,141,0
FL,660,HPN,ATL,4,431,149,0
XE,5900,TYS,ORD,7,444,115,0
XE,2105,GRR,CLE,4,1003,57,1
XE,2956,IAH,AUS,2,1380,45,0
OO,4495,MSP,GFK,4,1035,75,1
XE,2748,IAH,MOB,5,1000,79,1
MQ,3620,ORF,MIA,4,445,155,0
XE,2561,PNS,IAH,2,723,106,0
WN,1648,OAK,SNA,6,390,85,1
DL,1123,SLC,DTW,5,520,218,1
YV,1037,ITO,HNL,3,755,47,0
9E,4044,MDT,DTW,5,990,104,0
AA,939,RDU,MIA,6,805,130,1
YV,2866,PHX,FLG,1,1360,58,0
DL,1188,SAT,ATL,3,1051,137,0
CO,1603,IAH,AUS,6,1075,48,0
WN,898,SLC,PHX,5,665,100,1
WN,859,PHL,MDW,4,575,145,1
US,1490,CLT,LGA,5,971,109,1
WN,1558,MDW,OMA,4,650,85,1
MQ,4216,ORD,OKC,2,520,135,1
OO,6719,MSO,DEN,4,1007,119,1
MQ,3785,ORD,IAH,1,1240,165,1
9E,4151,BHM,MEM,7,390,71,1
9E,3672,LBB,MEM,1,705,115,1
US,1626,CLT,LGA,5,375,100,0
US,1694,TPA,PHL,7,475,148,0
MQ,2973,DFW,MOB,7,1105,90,0
MQ,2713,DFW,JAN,2,645,75,0
US,1467,PHL,ATL,5,700,142,0
UA,720,SFO,DEN,2,902,153,1
WN,3673,SJC,LAS,4,1285,75,1
MQ,4182,ORD,ABE,5,540,115,0
AA,1588,SAT,DFW,5,890,70,1
US,1785,BNA,CLT,4,475,75,0
UA,286,IAH,IAD,4,1020,178,0
9E,3984,DTW,MQT,7,520,89,0
WN,498,PHL,PVD,4,920,65,1
WN,3747,CMH,BWI,1,470,70,1
WN,1531,LAX,SFO,7,920,75,1
AA,1865,IND,DFW,3,1040,150,0
DL,2201,BOS,ATL,3,1035,185,0
XE,2146,CLE,ORF,6,1090,87,0
DL,1322,MSY,ATL,6,975,89,1
OO,6217,RAP,DEN,1,704,67,1
WN,960,SAN,BWI,1,400,295,1
AA,2438,DFW,DEN,1,1050,125,1
CO,1494,LAX,IAH,5,75,181,0
AS,630,SEA,PHX,4,615,169,0
YV,2771,PHX,SBA,5,1258,91,0
UA,959,ORD,DEN,7,1200,161,1
DL,1007,MCI,ATL,2,1068,124,1
MQ,4246,IND,ORD,3,1055,75,
WN,322,CLE,STL,1,550,110,
DL,1514,ATL,DAB,4,800,75,0
MQ,4190,CMH,ORD,1,670,85,
US,14,SEA,PHX,4,510,166,0
F9,382,DEN,FLL,6,1035,224,0
MQ,3830,ORD,IAH,4,720,165,1
DL,1124,LAX,SFO,7,425,82,0
YV,1024,KOA,HNL,1,609,40,0
EV,5523,ATL,ROA,5,510,90,0
WN,864,DEN,SAN,3,1300,145,1
US,1428,MCO,CLT,3,420,98,0
XE,5946,ORD,MCI,4,1205,90,0
WN,732,DAL,AUS,4,1265,55,1
AA,1947,TPA,MIA,4,915,60,0
WN,988,BWI,OKC,4,1040,205,1
WN,1709,OAK,PHX,7,695,110,1
HA,12,HNL,SFO,3,830,305,1
F9,106,DEN,MSP,1,635,116,0
9E,3888,MEM,BNA,1,855,63,0
EV,5002,ATL,OAJ,1,720,77,0
AA,454,ORD,RDU,4,880,110,1
9E,3738,ERI,DTW,6,404,66,0
WN,1678,RNO,SEA,7,815,115,1
WN,850,LAS,PDX,2,1215,140,1
OO,6370,ONT,SFO,6,1149,85,
OO,4519,MSP,RAP,6,540,95,0
EV,7338,TLH,MEM,4,1040,96,0
AA,1406,DFW,HSV,7,540,95,
DL,1657,ATL,CLE,5,1240,113,0
AA,1777,JFK,MCO,3,479,180,0
YV,2724,AUS,CLT,1,710,151,0
WN,752,HOU,DEN,4,395,155,
CO,241,IAH,AUS,3,780,51,0
UA,436,SNA,ORD,3,496,237,1
EV,5263,ATL,HPN,5,513,147,1
B6,1228,RDU,BOS,4,1215,100,0
XE,2424,CVG,EWR,3,970,120,1
MQ,4244,DSM,ORD,5,540,80,0
XE,5988,ORD,CLE,1,455,71,0
FL,1221,FLL,PIT,4,1218,156,0
MQ,3930,ORD,OMA,2,1250,95,1
DL,2541,ATL,MSY,1,1040,101,1
AA,575,MIA,SJU,4,465,145,1
AS,878,OGG,SEA,1,545,335,0
US,587,PHX,GEG,7,1260,167,1
WN,2357,SLC,DEN,7,545,90,0
AA,2042,DFW,FLL,4,385,150,0
EV,7068,IAD,GSP,3,492,88,0
DL,1228,ATL,IND,4,966,99,1
CO,131,SAN,IAH,2,375,189,0
UA,109,ORD,MSP,4,873,93,0
DL,2522,MSP,DEN,1,1320,124,1
MQ,3729,PHL,ORD,7,1185,145,
XE,2593,IAH,OMA,2,800,128,
WN,490,RDU,BNA,4,965,95,1
AS,305,SFO,SEA,3,785,128,1
B6,1410,AUS,MCO,6,925,142,
AA,1073,ICT,DFW,7,690,80,1
DL,1139,ATL,BHM,7,1245,54,1
MQ,3462,GUC,DFW,4,710,105,1
WN,2461,DAL,AUS,1,920,50,1
MQ,3767,SLC,ORD,7,955,200,1
AA,1904,ORD,MIA,1,1005,185,
UA,976,DEN,IAD,5,945,201,
EV,7092,IAD,MHT,3,1323,91,
US,1179,CLT,IAH,5,785,167,1
WN,249,LIT,STL,2,975,70,1
AA,1695,DFW,PHX,1,495,155,
DL,578,SJU,JFK,4,1210,257,0
WN,796,OAK,LAS,1,980,85,1
OH,6401,CVG,MEM,6,455,104,0
YV,7245,PVD,IAD,2,865,104,0
OH,6371,ATL,LEX,4,815,72,0
XE,3034,COS,IAH,5,660,129,1
AA,2287,TUL,DFW,4,595,75,0
EV,5058,BTR,ATL,5,874,89,0
DL,1764,MSP,DCA,2,600,143,0
WN,138,BDL,MCO,7,1160,185,0
AA,1788,DFW,RDU,6,665,145,1
WN,1131,BUR,OAK,1,575,75,1
WN,961,PHX,ONT,3,590,75,1
MQ,4371,OMA,ORD,2,800,95,0
MQ,3054,LAX,SBA,5,460,40,0
US,1617,CLT,MCI,2,970,152,0
MQ,3297,DFW,TYS,3,605,115,0
EV,5514,ATL,MEI,5,821,72,0
DL,1453,MSP,SEA,5,585,223,0
FL,67,IAD,ATL,2,921,115,0
MQ,2745,DFW,GSP,4,660,125,1
UA,329,DEN,PHX,6,1171,116,0
MQ,3710,ORD,XNA,1,1055,105,0
EV,5037,ATL,LEX,5,1150,78,0
AA,1031,FLL,DFW,5,1105,195,0
WN,2415,MDW,LGA,6,560,120,
AA,982,MIA,DCA,5,1100,145,1
MQ,2935,MSN,DFW,7,390,160,0
WN,521,AUS,DAL,3,570,55,0
YV,2853,YUM,PHX,7,475,68,0
WN,1134,ONT,SMF,7,880,80,1
XE,2262,OMA,IAH,5,1085,139,1
WN,2621,LBB,AUS,2,1015,70,1
AS,66,YAK,JNU,4,1110,46,0
OO,6817,SFO,CIC,5,1292,52,0
AA,2282,SFO,DFW,5,795,210,1
WN,1023,DAL,SAT,3,920,65,1
US,75,JFK,PHX,3,599,338,0
WN,762,MDW,PIT,7,415,80,
9E,3702,GFK,MSP,1,300,75,
9E,4095,MSP,SBN,6,1170,87,
XE,2559,IAH,LFT,5,585,58,1
UA,68,LAX,ORD,1,365,243,0
UA,286,IAH,IAD,3,998,179,1
XE,2522,MSP,IAH,7,1049,176,0
OO,6457,SFO,SNA,1,765,88,1
DL,1149,LAX,HNL,5,1012,353,1
B6,350,BUR,JFK,7,430,314,0
WN,526,SAN,PHX,1,600,70,1
WN,3322,ISP,FLL,4,915,190,1
CO,1440,IAH,ATL,3,890,126,1
FL,1251,LEX,MCO,1,1105,115,1
MQ,2807,DFW,FWA,2,1095,130,0
DL,1603,ATL,LAS,3,1320,286,1
UA,653,ORD,PVD,7,1175,138,0
AA,553,RSW,DFW,7,1145,175,0
9E,3857,CLT,ATL,1,597,88,0
WN,1690,HRL,HOU,5,645,60,1
MQ,3631,MIA,BNA,3,745,150,1
WN,1513,SFO,PHX,6,815,115,1
WN,607,ORF,BWI,2,625,55,1
DL,2941,ATL,SAT,3,825,160,1
UA,216,SFO,SNA,2,535,98,1
MQ,4394,JFK,BOS,6,839,71,0
DL,2636,FSD,MSP,4,420,68,0
XE,2179,PNS,IAH,4,900,101,1
DL,2405,DTW,MKE,2,525,86,1
B6,1411,MCO,AUS,2,775,169,1
YV,2986,PHX,SAT,1,1029,122,0
MQ,2901,DFW,LBB,4,1110,70,0
EV,5121,ALB,ATL,4,1060,168,0
XE,2249,MEM,EWR,7,775,155,0
EV,5057,CLE,ATL,4,850,115,1
CO,166,SEA,IAH,5,505,245,1
XE,5915,FAR,ORD,3,633,112,0
MQ,3015,LAX,SAN,4,715,45,1
9E,3739,BMI,MSP,3,720,99,0
AA,1180,DFW,RIC,5,820,155,0
DL,132,SFO,JFK,1,390,330,0
XE,2527,EWR,GSO,5,758,101,0
FL,1218,MDW,SRQ,1,420,158,0
YV,2887,PHX,ELP,1,1190,76,0
9E,4047,MEM,LBB,5,1185,123,0
EV,5111,ATL,BHM,4,510,63,0
CO,438,EWR,MIA,4,760,210,
MQ,3249,SGF,DFW,3,540,95,0
WN,500,OAK,SAN,1,420,85,0
XE,2976,IAH,MCI,5,1275,113,0
AS,4,SEA,DCA,6,520,298,0
XE,2985,EWR,DTW,6,1205,122,0
DL,1024,ATL,CLT,7,585,85,0
US,37,PHL,LAX,6,1080,369,0
XE,2945,IAH,BHM,1,855,93,1
EV,5565,ATL,GPT,1,890,89,0
WN,2882,JAX,TPA,2,850,55,1
AS,664,SEA,DFW,2,1085,222,0
DL,2862,LAX,JFK,7,1410,315,0
DL,1112,PIT,ATL,4,345,131,
AA,1924,SJC,DFW,6,605,205,
EV,5336,ATL,GSP,1,977,58,
UA,752,DEN,BWI,3,540,201,
DL,1589,PHL,DTW,2,575,121,
B6,59,JFK,MCO,6,899,179,
EV,7373,MEM,GPT,3,1180,76,
OH,6264,CVG,XNA,4,565,137,
WN,2346,BUF,TPA,6,440,175,
MQ,3635,MIA,CLT,4,680,125,
AA,788,MIA,STX,4,775,155,1
OH,6368,STL,CVG,7,730,81,
WN,1585,MDW,CMH,4,390,70,
AA,489,PHL,MIA,4,1115,185,1
WN,3074,RSW,MDW,2,1130,180,
WN,138,PHX,SAN,6,1170,65,
WN,2992,STL,BNA,1,845,60,
EV,5339,TRI,ATL,1,435,77,
OO,6347,DEN,COS,6,768,35,
DL,2182,SNA,MSP,3,875,214,
F9,130,DEN,DFW,5,635,112,
OO,4855,SLC,BIL,4,591,84,
OO,6662,SFO,MRY,6,982,43,
AA,462,MIA,DCA,3,980,145,1
US,1105,ALB,CLT,7,885,134,1
OO,4567,SLC,SAT,6,1075,160,1
WN,1079,RDU,TPA,7,715,115,
US,1061,PHL,FLL,1,595,176,
WN,117,SAN,SMF,7,535,95,1
9E,3666,TUL,MSP,1,700,120,
US,5,PHX,ORD,1,800,201,1
UA,225,BDL,IAD,5,1157,93,
FL,531,MEM,ATL,1,821,76,
XE,3069,HRL,IAH,3,665,69,
UA,415,MSY,DEN,4,425,187,
DL,2402,MIA,DTW,4,1068,187,1
US,933,BOS,CLT,6,880,145,1
AA,1533,ATL,DFW,1,415,150,
DL,2839,ATL,MTJ,5,615,241,
OO,6735,MSO,DEN,1,792,112,1
B6,1282,RIC,BOS,2,974,89,1
EV,5196,DSM,ATL,4,613,130,1
UA,699,IAD,SJU,3,498,222,
WN,711,SAT,LAS,2,485,175,1
MQ,3699,MIA,CVG,1,1290,160,
FL,1221,FLL,PIT,5,1204,156,
US,1850,CLT,BDL,3,1194,108,
DL,2813,GRR,MSP,3,470,100,
WN,166,LAX,SFO,7,770,75,1
WN,485,SLC,DEN,4,750,85,1
AS,182,FAI,ANC,4,480,63,
US,616,PHX,ATL,5,45,209,
MQ,3042,SBA,LAX,1,875,45,
9E,4266,MSP,GRR,4,635,87,
WN,1566,SMF,ONT,7,1165,75,1
MQ,3718,ATL,ORD,2,1065,130,
OH,6546,PIT,DTW,6,829,80,
UA,717,DEN,LAS,6,960,122,
MQ,2719,DFW,TYS,5,475,115,
MQ,4358,IND,ORD,2,965,70,
WN,1353,SEA,OAK,2,725,125,1
MQ,2950,DFW,LCH,5,1140,70,
AA,1808,MIA,DEN,6,1235,270,1
OH,6479,ORF,JFK,2,380,82,
OH,6497,MEM,AUS,4,820,122,1
UA,789,PDX,DEN,4,345,150,
DL,2814,SEA,MSP,1,50,189,
DL,2811,MEM,FLL,6,560,139,
AA,1083,IAD,DFW,4,390,210,
WN,3658,PHX,MDW,2,1105,200,
DL,2124,ATL,BWI,4,660,112,
WN,1290,ECP,MCO,6,435,65,
UA,750,ORD,BWI,5,531,112,1
OO,6849,SEA,PDX,1,510,48,
DL,2938,ATL,DCA,5,385,94,
XE,2373,IAH,AUS,4,495,55,
B6,127,ROC,JFK,4,435,78,
EV,7138,DTW,IAD,1,602,90,1
AS,190,FAI,ANC,6,1050,62,
WN,2903,MSY,BWI,2,1000,140,
B6,283,LAS,LGB,5,906,66,
OO,6890,ORD,ORF,4,360,121,
OO,6241,ORD,FAR,1,585,111,
XE,2451,STL,EWR,5,875,149,
F9,320,MKE,DCA,4,495,110,
DL,2143,EWR,ATL,2,500,159,1
FL,803,BWI,BOS,5,1115,84,
DL,2547,LGA,ATL,6,1020,166,
XE,2396,EWR,DTW,6,1035,122,
9E,4371,DTW,FWA,5,940,51,
US,1772,MHT,CLT,5,360,152,
WN,862,BDL,BWI,4,655,70,1
MQ,3963,ORD,BNA,2,815,90,
OO,6520,MBS,ORD,3,926,72,1
XE,2208,MCI,EWR,6,360,154,
US,1559,PHL,FLL,4,710,169,
XE,2954,IAH,MOB,2,1160,80,
OO,4838,SLC,FAR,1,830,131,1
HA,242,HNL,ITO,2,1176,51,
WN,417,BWI,STL,4,425,145,1
B6,336,MCO,IAD,4,465,120,
CO,1475,IAH,DFW,1,1270,64,1
WN,920,SMF,SNA,5,620,85,1
DL,1286,ATL,SAV,1,1053,64,1
UA,18,DEN,BWI,3,626,202,
UA,199,MCO,ORD,6,860,175,
OO,6666,TUS,DEN,4,1016,109,1
WN,439,BUR,SJC,2,420,65,
FL,259,ATL,FNT,6,615,122,
FL,159,IND,BWI,4,1155,100,
DL,1492,PHX,MSP,2,475,187,
EV,5223,TRI,ATL,6,763,76,1
WN,2762,SAN,SAT,6,680,155,1
WN,368,DEN,OAK,4,980,165,1
MQ,2859,FAY,DFW,6,950,190,
OO,6549,SFO,SBP,7,1365,67,1
WN,3049,PHL,MCO,6,475,160,
AA,1914,DFW,JAX,1,850,130,
XE,2187,EWR,MSP,2,390,192,
UA,701,DEN,ABQ,3,1144,77,
EV,5405,DSM,ATL,4,921,126,
OO,6600,ORD,MKG,5,968,51,
WN,526,BWI,BOS,1,435,80,
OO,6365,DEN,ICT,7,610,80,
WN,738,DEN,SEA,1,1230,190,1
FL,1260,FLL,LEX,4,883,145,1
DL,2127,ATL,FLL,5,450,110,
UA,311,DEN,EGE,5,677,52,1
WN,2009,STL,BWI,1,640,120,1
B6,6,JFK,BUF,6,953,95,
9E,4349,MEM,ICT,5,825,98,
DL,2101,ATL,TUS,7,1193,252,
OH,6350,DSM,MSP,5,1020,66,1
FL,227,MKE,LGA,2,798,121,1
DL,2379,SDF,ATL,3,425,94,
FL,684,ICT,ATL,5,378,132,
DL,422,SJU,ATL,3,840,242,
CO,44,MIA,EWR,5,815,178,1
WN,1065,DEN,LAS,1,905,115,1
DL,2528,SRQ,ATL,5,804,101,1
DL,2818,MCO,ATL,7,1170,99,
OH,6389,MCI,CVG,1,925,106,0
FL,671,MKE,MCO,5,525,177,1
